Metric,Value
Accuracy,0.5902394812091504
Macro F1,0.27414217431099364
Weighted F1,0.5170328861887309
Total Cells,78336.0
Unique Pred Labels (L3),3.0
Unique GT Labels (L3),4.0
