{
  "accuracy": 0.2809558291093411,
  "macro_f1": 0.4310539980557121,
  "weighted_f1": 0.22502896755536458,
  "confusion_matrix": {
    "labels": [
      "Endothelial",
      "Epithelial_non_malignant",
      "Fibroblasts",
      "Lymphoid",
      "Malignant",
      "Myeloid",
      "Other_non_neoplastic"
    ],
    "matrix": [
      [
        74,
        0,
        0,
        0,
        0,
        0,
        0
      ],
      [
        0,
        137,
        0,
        2,
        0,
        0,
        0
      ],
      [
        7,
        0,
        335,
        4,
        0,
        1,
        0
      ],
      [
        0,
        0,
        0,
        8,
        0,
        2,
        0
      ],
      [
        5,
        2656,
        6,
        24,
        0,
        19,
        0
      ],
      [
        0,
        2,
        0,
        0,
        0,
        610,
        0
      ],
      [
        4,
        14,
        14,
        25,
        0,
        194,
        0
      ]
    ]
  },
  "per_class_metrics": {
    "Endothelial": {
      "precision": 0.8222222222222222,
      "recall": 1.0,
      "f1_score": 0.9024390243902439,
      "support": 74
    },
    "Epithelial_non_malignant": {
      "precision": 0.048771804912780346,
      "recall": 0.9856115107913669,
      "f1_score": 0.09294436906377204,
      "support": 139
    },
    "Fibroblasts": {
      "precision": 0.9436619718309859,
      "recall": 0.9654178674351584,
      "f1_score": 0.9544159544159544,
      "support": 347
    },
    "Lymphoid": {
      "precision": 0.12698412698412698,
      "recall": 0.8,
      "f1_score": 0.2191780821917808,
      "support": 10
    },
    "Malignant": {
      "precision": 0.0,
      "recall": 0.0,
      "f1_score": 0.0,
      "support": 2710
    },
    "Myeloid": {
      "precision": 0.738498789346247,
      "recall": 0.9967320261437909,
      "f1_score": 0.8484005563282336,
      "support": 612
    },
    "Other_non_neoplastic": {
      "precision": 0.0,
      "recall": 0.0,
      "f1_score": 0.0,
      "support": 251
    }
  },
  "label_counts": {
    "predictions": {
      "Epithelial_non_malignant": 2809,
      "Myeloid": 826,
      "Fibroblasts": 355,
      "Endothelial": 90,
      "Lymphoid": 63
    },
    "ground_truth": {
      "Malignant": 2710,
      "Myeloid": 612,
      "Fibroblasts": 347,
      "Other_non_neoplastic": 251,
      "Epithelial_non_malignant": 139,
      "Endothelial": 74,
      "Lymphoid": 10
    }
  },
  "dataset_info": {
    "total_cells": 4143,
    "original_pred_cells": 4143,
    "original_gt_cells": 4143,
    "matched_cells": 4143,
    "cells_filtered": false,
    "unique_pred_labels": 25,
    "unique_gt_labels": 11,
    "standardized_pred_labels": 5,
    "standardized_gt_labels": 7,
    "unmapped_predictions": 0,
    "unmapped_ground_truth": 0
  },
  "mapping_store_stats": {
    "total_mappings": 2789,
    "last_updated": "2026-04-21T19:42:54.074716",
    "file_path": "/cs/student/projects2/aisd/2024/shekchu/projects/celltype_eval_llm/mappings/label_mappings.json"
  }
}