Metric,Value
Accuracy,0.04903596588802373
Macro F1,0.018697534682336307
Weighted F1,0.004584258364365919
Total Cells,10788.0
Unique Pred Labels (L3),1.0
Unique GT Labels (L3),5.0
