{
  "accuracy": 0.1997184463778819,
  "macro_f1": 0.45437642947934176,
  "weighted_f1": 0.2771574907586286,
  "confusion_matrix": {
    "labels": [
      "Endothelial",
      "Epithelial_non_malignant",
      "Fibroblasts",
      "Lymphoid",
      "Malignant",
      "Myeloid",
      "Non neoplastic"
    ],
    "matrix": [
      [
        2001,
        0,
        3,
        0,
        0,
        0,
        4
      ],
      [
        3,
        0,
        17,
        0,
        0,
        0,
        2231
      ],
      [
        5,
        0,
        2871,
        0,
        5,
        0,
        29
      ],
      [
        0,
        0,
        0,
        0,
        0,
        119,
        24601
      ],
      [
        0,
        0,
        0,
        0,
        9380,
        1,
        41671
      ],
      [
        0,
        0,
        12,
        0,
        1,
        3056,
        652
      ],
      [
        0,
        0,
        0,
        0,
        0,
        0,
        0
      ]
    ]
  },
  "per_class_metrics": {
    "Endothelial": {
      "precision": 0.9960179193628671,
      "recall": 0.9965139442231076,
      "f1_score": 0.9962658700522778,
      "support": 2008
    },
    "Epithelial_non_malignant": {
      "precision": 0.0,
      "recall": 0.0,
      "f1_score": 0.0,
      "support": 2251
    },
    "Fibroblasts": {
      "precision": 0.9889769204271444,
      "recall": 0.98659793814433,
      "f1_score": 0.9877859969034922,
      "support": 2910
    },
    "Lymphoid": {
      "precision": 0.0,
      "recall": 0.0,
      "f1_score": 0.0,
      "support": 24720
    },
    "Malignant": {
      "precision": 0.9993607500532709,
      "recall": 0.1837342317636919,
      "f1_score": 0.3104007412555015,
      "support": 51052
    },
    "Myeloid": {
      "precision": 0.9622166246851386,
      "recall": 0.8212846009137329,
      "f1_score": 0.8861823981441206,
      "support": 3721
    },
    "Non neoplastic": {
      "precision": 0.0,
      "recall": 0.0,
      "f1_score": 0.0,
      "support": 0
    }
  },
  "label_counts": {
    "predictions": {
      "Non neoplastic": 69188,
      "Malignant": 9386,
      "Myeloid": 3176,
      "Fibroblasts": 2903,
      "Endothelial": 2009
    },
    "ground_truth": {
      "Malignant": 51052,
      "Lymphoid": 24720,
      "Myeloid": 3721,
      "Fibroblasts": 2910,
      "Epithelial_non_malignant": 2251,
      "Endothelial": 2008
    }
  },
  "dataset_info": {
    "total_cells": 86662,
    "original_pred_cells": 86662,
    "original_gt_cells": 86662,
    "matched_cells": 86662,
    "cells_filtered": false,
    "unique_pred_labels": 33,
    "unique_gt_labels": 11,
    "standardized_pred_labels": 5,
    "standardized_gt_labels": 6,
    "unmapped_predictions": 0,
    "unmapped_ground_truth": 0
  },
  "mapping_store_stats": {
    "total_mappings": 869,
    "last_updated": "2026-03-10T12:13:16.510043",
    "file_path": "/cs/student/projects2/aisd/2024/shekchu/projects/celltype_eval_llm/mappings/label_mappings.json"
  }
}