{
  "accuracy": 0.8051515151515152,
  "macro_f1": 0.6046655744495552,
  "weighted_f1": 0.8015156913526091,
  "confusion_matrix": {
    "labels": [
      "Endothelial",
      "Epithelial_non_malignant",
      "Fibroblasts",
      "Lymphoid",
      "Malignant",
      "Myeloid",
      "Other_non_neoplastic"
    ],
    "matrix": [
      [
        6460,
        0,
        0,
        0,
        0,
        0,
        0
      ],
      [
        0,
        313,
        0,
        0,
        0,
        0,
        0
      ],
      [
        0,
        0,
        3809,
        0,
        0,
        0,
        0
      ],
      [
        0,
        0,
        0,
        33897,
        0,
        0,
        0
      ],
      [
        0,
        11400,
        0,
        0,
        0,
        0,
        0
      ],
      [
        0,
        0,
        0,
        0,
        0,
        5911,
        0
      ],
      [
        0,
        805,
        12,
        0,
        0,
        0,
        93
      ]
    ]
  },
  "per_class_metrics": {
    "Endothelial": {
      "precision": 1.0,
      "recall": 1.0,
      "f1_score": 1.0,
      "support": 6460
    },
    "Epithelial_non_malignant": {
      "precision": 0.025003994248282473,
      "recall": 1.0,
      "f1_score": 0.048788091341282834,
      "support": 313
    },
    "Fibroblasts": {
      "precision": 0.9968594608741167,
      "recall": 1.0,
      "f1_score": 0.9984272608125819,
      "support": 3809
    },
    "Lymphoid": {
      "precision": 1.0,
      "recall": 1.0,
      "f1_score": 1.0,
      "support": 33897
    },
    "Malignant": {
      "precision": 0.0,
      "recall": 0.0,
      "f1_score": 0.0,
      "support": 11400
    },
    "Myeloid": {
      "precision": 1.0,
      "recall": 1.0,
      "f1_score": 1.0,
      "support": 5911
    },
    "Other_non_neoplastic": {
      "precision": 1.0,
      "recall": 0.1021978021978022,
      "f1_score": 0.18544366899302095,
      "support": 910
    }
  },
  "label_counts": {
    "predictions": {
      "Lymphoid": 33897,
      "Epithelial_non_malignant": 12518,
      "Endothelial": 6460,
      "Myeloid": 5911,
      "Fibroblasts": 3821,
      "Other_non_neoplastic": 93
    },
    "ground_truth": {
      "Lymphoid": 33897,
      "Malignant": 11400,
      "Endothelial": 6460,
      "Myeloid": 5911,
      "Fibroblasts": 3809,
      "Other_non_neoplastic": 910,
      "Epithelial_non_malignant": 313
    }
  },
  "dataset_info": {
    "total_cells": 62700,
    "original_pred_cells": 62700,
    "original_gt_cells": 62700,
    "matched_cells": 62700,
    "cells_filtered": false,
    "unique_pred_labels": 13,
    "unique_gt_labels": 14,
    "standardized_pred_labels": 6,
    "standardized_gt_labels": 7,
    "unmapped_predictions": 0,
    "unmapped_ground_truth": 0
  },
  "mapping_store_stats": {
    "total_mappings": 2141,
    "last_updated": "2026-03-26T12:32:31.427133",
    "file_path": "/cs/student/projects2/aisd/2024/shekchu/projects/celltype_eval_llm/mappings/label_mappings.json"
  }
}