Metric,Value
Accuracy,0.8051515151515152
Macro F1,0.6046655744495552
Weighted F1,0.8015156913526091
Total Cells,62700.0
Unique Pred Labels (L3),6.0
Unique GT Labels (L3),7.0
