Metric,Value
Accuracy,0.00597076384599547
Macro F1,0.11068702290076336
Weighted F1,0.0053417826164173215
Total Cells,48570.0
Unique Pred Labels (L3),2.0
Unique GT Labels (L3),7.0
