{
  "accuracy": 0.25317497227489,
  "macro_f1": 0.25325257477667307,
  "weighted_f1": 0.30283033802811776,
  "confusion_matrix": {
    "labels": [
      "Endothelial",
      "Epithelial_non_malignant",
      "Fibroblasts",
      "Lymphoid",
      "Malignant",
      "Myeloid",
      "Non neoplastic",
      "Other/unknown"
    ],
    "matrix": [
      [
        3047,
        0,
        1,
        0,
        0,
        0,
        19,
        0
      ],
      [
        0,
        0,
        10,
        0,
        0,
        0,
        3001,
        0
      ],
      [
        0,
        0,
        3425,
        0,
        0,
        0,
        3681,
        0
      ],
      [
        3,
        0,
        3,
        605,
        0,
        0,
        1616,
        0
      ],
      [
        0,
        0,
        0,
        0,
        0,
        0,
        7945,
        0
      ],
      [
        0,
        0,
        0,
        0,
        0,
        0,
        3151,
        0
      ],
      [
        0,
        0,
        0,
        0,
        0,
        0,
        0,
        0
      ],
      [
        169,
        0,
        103,
        96,
        0,
        0,
        1078,
        0
      ]
    ]
  },
  "per_class_metrics": {
    "Endothelial": {
      "precision": 0.9465672569120845,
      "recall": 0.993478969677209,
      "f1_score": 0.96945593382119,
      "support": 3067
    },
    "Epithelial_non_malignant": {
      "precision": 0.0,
      "recall": 0.0,
      "f1_score": 0.0,
      "support": 3011
    },
    "Fibroblasts": {
      "precision": 0.9669678147939017,
      "recall": 0.48198705319448354,
      "f1_score": 0.6433132982719759,
      "support": 7106
    },
    "Lymphoid": {
      "precision": 0.8630527817403709,
      "recall": 0.27166591827570724,
      "f1_score": 0.41325136612021857,
      "support": 2227
    },
    "Malignant": {
      "precision": 0.0,
      "recall": 0.0,
      "f1_score": 0.0,
      "support": 7945
    },
    "Myeloid": {
      "precision": 0.0,
      "recall": 0.0,
      "f1_score": 0.0,
      "support": 3151
    },
    "Non neoplastic": {
      "precision": 0.0,
      "recall": 0.0,
      "f1_score": 0.0,
      "support": 0
    },
    "Other/unknown": {
      "precision": 0.0,
      "recall": 0.0,
      "f1_score": 0.0,
      "support": 1446
    }
  },
  "label_counts": {
    "predictions": {
      "Non neoplastic": 20491,
      "Fibroblasts": 3542,
      "Endothelial": 3219,
      "Lymphoid": 701
    },
    "ground_truth": {
      "Malignant": 7945,
      "Fibroblasts": 7106,
      "Myeloid": 3151,
      "Endothelial": 3067,
      "Epithelial_non_malignant": 3011,
      "Lymphoid": 2227,
      "Other/unknown": 1446
    }
  },
  "dataset_info": {
    "total_cells": 27953,
    "original_pred_cells": 27953,
    "original_gt_cells": 27953,
    "matched_cells": 27953,
    "cells_filtered": false,
    "unique_pred_labels": 17,
    "unique_gt_labels": 10,
    "standardized_pred_labels": 4,
    "standardized_gt_labels": 7,
    "unmapped_predictions": 0,
    "unmapped_ground_truth": 0
  },
  "mapping_store_stats": {
    "total_mappings": 869,
    "last_updated": "2026-03-10T12:13:16.510043",
    "file_path": "/cs/student/projects2/aisd/2024/shekchu/projects/celltype_eval_llm/mappings/label_mappings.json"
  }
}