Metric,Value
Accuracy,0.5564295485636115
Macro F1,0.23552968911079178
Weighted F1,0.6441868850188921
Total Cells,8772.0
Unique Pred Labels (L3),8.0
Unique GT Labels (L3),6.0
