Cell_Type_L3,precision,recall,f1_score,support
Benign,0.0,0.0,0.0,0.0
Endothelial,0.0,0.0,0.0,0.0
Epithelial_non_malignant,0.13836477987421383,0.12359550561797752,0.13056379821958458,178.0
Fibroblasts,0.0007468259895444362,0.03125,0.0014587892049598833,32.0
Lymphoid,0.9713055954088953,0.6341920374707259,0.7673561915556815,4270.0
Malignant,0.07425742574257425,0.013077593722755012,0.02223869532987398,1147.0
Myeloid,0.8775160599571734,0.6926977687626775,0.774230115246552,2958.0
Other_non_neoplastic,0.1184573002754821,0.45989304812834225,0.18838992332968238,187.0
