Metric,Value
Accuracy,0.6134859815960361
Macro F1,0.5900977958844644
Weighted F1,0.5882302722187716
Total Cells,32493.0
Unique Pred Labels (L3),5.0
Unique GT Labels (L3),7.0
