{
  "accuracy": 0.5069246089950439,
  "macro_f1": 0.2570489899176434,
  "weighted_f1": 0.5205928295635928,
  "confusion_matrix": {
    "labels": [
      "Benign",
      "Endothelial",
      "Epithelial_non_malignant",
      "Fibroblasts",
      "Lymphoid",
      "Malignant",
      "Myeloid",
      "Other_non_neoplastic"
    ],
    "matrix": [
      [
        0,
        0,
        0,
        0,
        0,
        0,
        0,
        0
      ],
      [
        4,
        97,
        11,
        53,
        3,
        40,
        10,
        61
      ],
      [
        7,
        17,
        334,
        85,
        1,
        3,
        33,
        173
      ],
      [
        4,
        7,
        36,
        579,
        5,
        31,
        12,
        118
      ],
      [
        0,
        0,
        0,
        0,
        0,
        0,
        0,
        0
      ],
      [
        993,
        375,
        440,
        654,
        254,
        17685,
        435,
        7280
      ],
      [
        2,
        6,
        1,
        19,
        20,
        64,
        90,
        112
      ],
      [
        835,
        329,
        358,
        1351,
        519,
        16642,
        533,
        14048
      ]
    ]
  },
  "per_class_metrics": {
    "Benign": {
      "precision": 0.0,
      "recall": 0.0,
      "f1_score": 0.0,
      "support": 0
    },
    "Endothelial": {
      "precision": 0.11672683513838748,
      "recall": 0.34767025089605735,
      "f1_score": 0.17477477477477477,
      "support": 279
    },
    "Epithelial_non_malignant": {
      "precision": 0.2830508474576271,
      "recall": 0.5114854517611026,
      "f1_score": 0.36442989634478995,
      "support": 653
    },
    "Fibroblasts": {
      "precision": 0.21123677489967166,
      "recall": 0.7310606060606061,
      "f1_score": 0.32776677045004243,
      "support": 792
    },
    "Lymphoid": {
      "precision": 0.0,
      "recall": 0.0,
      "f1_score": 0.0,
      "support": 0
    },
    "Malignant": {
      "precision": 0.5131292615697084,
      "recall": 0.6290012804097311,
      "f1_score": 0.5651875169779965,
      "support": 28116
    },
    "Myeloid": {
      "precision": 0.08086253369272237,
      "recall": 0.28662420382165604,
      "f1_score": 0.12613875262789068,
      "support": 314
    },
    "Other_non_neoplastic": {
      "precision": 0.644640234948605,
      "recall": 0.4058356203957822,
      "f1_score": 0.4980942081656532,
      "support": 34615
    }
  },
  "label_counts": {
    "predictions": {
      "Malignant": 34465,
      "Other_non_neoplastic": 21792,
      "Fibroblasts": 2741,
      "Benign": 1845,
      "Epithelial_non_malignant": 1180,
      "Myeloid": 1113,
      "Endothelial": 831,
      "Lymphoid": 802
    },
    "ground_truth": {
      "Other_non_neoplastic": 34615,
      "Malignant": 28116,
      "Fibroblasts": 792,
      "Epithelial_non_malignant": 653,
      "Myeloid": 314,
      "Endothelial": 279
    }
  },
  "dataset_info": {
    "total_cells": 64769,
    "original_pred_cells": 64769,
    "original_gt_cells": 64769,
    "matched_cells": 64769,
    "cells_filtered": false,
    "unique_pred_labels": 9,
    "unique_gt_labels": 7,
    "standardized_pred_labels": 8,
    "standardized_gt_labels": 6,
    "unmapped_predictions": 0,
    "unmapped_ground_truth": 0
  },
  "mapping_store_stats": {
    "total_mappings": 2790,
    "last_updated": "2026-04-24T01:33:54.017686",
    "file_path": "/cs/student/projects2/aisd/2024/shekchu/projects/celltype_eval_llm/mappings/label_mappings.json"
  }
}