Metric,Value
Accuracy,0.5069246089950439
Macro F1,0.2570489899176434
Weighted F1,0.5205928295635928
Total Cells,64769.0
Unique Pred Labels (L3),8.0
Unique GT Labels (L3),6.0
