Metric,Value
Accuracy,0.3228592496331394
Macro F1,0.6653150772418234
Weighted F1,0.3156488172750088
Total Cells,136973.0
Unique Pred Labels (L3),6.0
Unique GT Labels (L3),7.0
