Metric,Value
Accuracy,0.1844029439263539
Macro F1,0.5571444693819055
Weighted F1,0.17497947039211803
Total Cells,125139.0
Unique Pred Labels (L3),5.0
Unique GT Labels (L3),6.0
