Metric,Value
Accuracy,0.5380882042625026
Macro F1,0.5480702906881262
Weighted F1,0.4145921451899518
Total Cells,4739.0
Unique Pred Labels (L3),4.0
Unique GT Labels (L3),5.0
