Metric,Value
Accuracy,0.4491697729583192
Macro F1,0.31614271040664355
Weighted F1,0.5309052374350991
Total Cells,5902.0
Unique Pred Labels (L3),5.0
Unique GT Labels (L3),6.0
