Cell_Type_L3,precision,recall,f1_score,support
Endothelial,1.0,1.0,1.0,14.0
Epithelial_non_malignant,0.0,0.0,0.0,503.0
Fibroblasts,0.1574539363484087,1.0,0.27206946454413894,94.0
Lymphoid,0.145748987854251,1.0,0.254416961130742,72.0
Malignant,1.0,1.0,1.0,365.0
Myeloid,1.0,1.0,1.0,64.0
Other_non_neoplastic,0.0,0.0,0.0,422.0
