{
  "accuracy": 0.1136073959519399,
  "macro_f1": 0.2198177782228055,
  "weighted_f1": 0.12296110719966323,
  "confusion_matrix": {
    "labels": [
      "Endothelial",
      "Fibroblasts",
      "Lymphoid",
      "Malignant",
      "Myeloid",
      "Non neoplastic",
      "Other_non_neoplastic"
    ],
    "matrix": [
      [
        3114,
        7,
        0,
        0,
        0,
        23,
        0
      ],
      [
        17,
        1062,
        0,
        0,
        0,
        2390,
        0
      ],
      [
        6,
        93,
        0,
        0,
        4,
        4532,
        0
      ],
      [
        79,
        17538,
        0,
        0,
        21,
        19811,
        0
      ],
      [
        1,
        32,
        0,
        0,
        2509,
        5672,
        0
      ],
      [
        0,
        0,
        0,
        0,
        0,
        0,
        0
      ],
      [
        17,
        51,
        0,
        0,
        2,
        1862,
        0
      ]
    ]
  },
  "per_class_metrics": {
    "Endothelial": {
      "precision": 0.9628942486085343,
      "recall": 0.9904580152671756,
      "f1_score": 0.9764816556914393,
      "support": 3144
    },
    "Fibroblasts": {
      "precision": 0.05654048873981792,
      "recall": 0.30614009801095415,
      "f1_score": 0.09545209419378034,
      "support": 3469
    },
    "Lymphoid": {
      "precision": 0.0,
      "recall": 0.0,
      "f1_score": 0.0,
      "support": 4635
    },
    "Malignant": {
      "precision": 0.0,
      "recall": 0.0,
      "f1_score": 0.0,
      "support": 37449
    },
    "Myeloid": {
      "precision": 0.9893533123028391,
      "recall": 0.30545410275140006,
      "f1_score": 0.4667906976744186,
      "support": 8214
    },
    "Non neoplastic": {
      "precision": 0.0,
      "recall": 0.0,
      "f1_score": 0.0,
      "support": 0
    },
    "Other_non_neoplastic": {
      "precision": 0.0,
      "recall": 0.0,
      "f1_score": 0.0,
      "support": 1932
    }
  },
  "label_counts": {
    "predictions": {
      "Non neoplastic": 34290,
      "Fibroblasts": 18783,
      "Endothelial": 3234,
      "Myeloid": 2536
    },
    "ground_truth": {
      "Malignant": 37449,
      "Myeloid": 8214,
      "Lymphoid": 4635,
      "Fibroblasts": 3469,
      "Endothelial": 3144,
      "Other_non_neoplastic": 1932
    }
  },
  "dataset_info": {
    "total_cells": 58843,
    "original_pred_cells": 58843,
    "original_gt_cells": 58843,
    "matched_cells": 58843,
    "cells_filtered": false,
    "unique_pred_labels": 32,
    "unique_gt_labels": 6,
    "standardized_pred_labels": 4,
    "standardized_gt_labels": 6,
    "unmapped_predictions": 0,
    "unmapped_ground_truth": 0
  },
  "mapping_store_stats": {
    "total_mappings": 869,
    "last_updated": "2026-03-10T12:13:16.510043",
    "file_path": "/cs/student/projects2/aisd/2024/shekchu/projects/celltype_eval_llm/mappings/label_mappings.json"
  }
}