Metric,Value
Accuracy,0.1136073959519399
Macro F1,0.2198177782228055
Weighted F1,0.12296110719966323
Total Cells,58843.0
Unique Pred Labels (L3),4.0
Unique GT Labels (L3),6.0
