{
  "accuracy": 0.09339995607291895,
  "macro_f1": 0.14111118337078893,
  "weighted_f1": 0.09482887689135203,
  "confusion_matrix": {
    "labels": [
      "Endothelial",
      "Epithelial_non_malignant",
      "Fibroblasts",
      "Lymphoid",
      "Malignant",
      "Myeloid",
      "Non neoplastic",
      "Other/unknown"
    ],
    "matrix": [
      [
        2940,
        0,
        1,
        0,
        0,
        0,
        337,
        0
      ],
      [
        0,
        0,
        15,
        0,
        0,
        0,
        3767,
        0
      ],
      [
        14,
        0,
        462,
        0,
        0,
        0,
        1554,
        0
      ],
      [
        0,
        0,
        0,
        0,
        0,
        0,
        3803,
        0
      ],
      [
        0,
        0,
        1549,
        0,
        0,
        0,
        12742,
        0
      ],
      [
        0,
        0,
        0,
        0,
        0,
        0,
        3243,
        0
      ],
      [
        0,
        0,
        0,
        0,
        0,
        0,
        0,
        0
      ],
      [
        81,
        0,
        622,
        0,
        0,
        0,
        5294,
        0
      ]
    ]
  },
  "per_class_metrics": {
    "Endothelial": {
      "precision": 0.9686985172981878,
      "recall": 0.896888346552776,
      "f1_score": 0.9314113733565658,
      "support": 3278
    },
    "Epithelial_non_malignant": {
      "precision": 0.0,
      "recall": 0.0,
      "f1_score": 0.0,
      "support": 3782
    },
    "Fibroblasts": {
      "precision": 0.17440543601359004,
      "recall": 0.22758620689655173,
      "f1_score": 0.19747809360974566,
      "support": 2030
    },
    "Lymphoid": {
      "precision": 0.0,
      "recall": 0.0,
      "f1_score": 0.0,
      "support": 3803
    },
    "Malignant": {
      "precision": 0.0,
      "recall": 0.0,
      "f1_score": 0.0,
      "support": 14291
    },
    "Myeloid": {
      "precision": 0.0,
      "recall": 0.0,
      "f1_score": 0.0,
      "support": 3243
    },
    "Non neoplastic": {
      "precision": 0.0,
      "recall": 0.0,
      "f1_score": 0.0,
      "support": 0
    },
    "Other/unknown": {
      "precision": 0.0,
      "recall": 0.0,
      "f1_score": 0.0,
      "support": 5997
    }
  },
  "label_counts": {
    "predictions": {
      "Non neoplastic": 30740,
      "Endothelial": 3035,
      "Fibroblasts": 2649
    },
    "ground_truth": {
      "Malignant": 14291,
      "Other/unknown": 5997,
      "Lymphoid": 3803,
      "Epithelial_non_malignant": 3782,
      "Endothelial": 3278,
      "Myeloid": 3243,
      "Fibroblasts": 2030
    }
  },
  "dataset_info": {
    "total_cells": 36424,
    "original_pred_cells": 36424,
    "original_gt_cells": 36424,
    "matched_cells": 36424,
    "cells_filtered": false,
    "unique_pred_labels": 12,
    "unique_gt_labels": 9,
    "standardized_pred_labels": 3,
    "standardized_gt_labels": 7,
    "unmapped_predictions": 0,
    "unmapped_ground_truth": 0
  },
  "mapping_store_stats": {
    "total_mappings": 869,
    "last_updated": "2026-03-10T12:13:16.510043",
    "file_path": "/cs/student/projects2/aisd/2024/shekchu/projects/celltype_eval_llm/mappings/label_mappings.json"
  }
}