Metric,Value
Accuracy,0.01054932122893288
Macro F1,0.07171428571428572
Weighted F1,0.01029613751943849
Total Cells,23793.0
Unique Pred Labels (L3),2.0
Unique GT Labels (L3),6.0
