Metric,Value
Accuracy,0.8650610044057077
Macro F1,0.5611695119391275
Weighted F1,0.8268255964598453
Total Cells,167283.0
Unique Pred Labels (L3),6.0
Unique GT Labels (L3),7.0
