Metric,Value
Accuracy,0.9524707132555728
Macro F1,0.6666666666666666
Weighted F1,0.9524707132555728
Total Cells,79046.0
Unique Pred Labels (L3),6.0
Unique GT Labels (L3),6.0
