Metric,Value
Accuracy,0.7618873534644537
Macro F1,0.5805544334448483
Weighted F1,0.7486694605471294
Total Cells,41031.0
Unique Pred Labels (L3),5.0
Unique GT Labels (L3),7.0
