Metric,Value
Accuracy,0.5594529043350117
Macro F1,0.7142857142857143
Weighted F1,0.5594529043350117
Total Cells,65144.0
Unique Pred Labels (L3),6.0
Unique GT Labels (L3),6.0
