Metric,Value
Accuracy,0.2816799420709631
Macro F1,0.5572540028111366
Weighted F1,0.2278838963571037
Total Cells,4143.0
Unique Pred Labels (L3),6.0
Unique GT Labels (L3),7.0
