Metric,Value
Accuracy,0.40606256841975424
Macro F1,0.25517874526233386
Weighted F1,0.35960470283112406
Total Cells,194571.0
Unique Pred Labels (L3),2.0
Unique GT Labels (L3),4.0
