{
  "accuracy": 0.06467227039071635,
  "macro_f1": 0.05558239173943452,
  "weighted_f1": 0.10142199692059904,
  "confusion_matrix": {
    "labels": [
      "Benign",
      "Endothelial",
      "Epithelial_non_malignant",
      "Fibroblasts",
      "Lymphoid",
      "Malignant",
      "Myeloid",
      "Other_non_neoplastic"
    ],
    "matrix": [
      [
        0,
        0,
        0,
        0,
        0,
        0,
        0,
        0
      ],
      [
        558,
        689,
        569,
        593,
        886,
        556,
        934,
        7679
      ],
      [
        0,
        0,
        0,
        0,
        0,
        0,
        0,
        0
      ],
      [
        1642,
        2206,
        1447,
        2191,
        2694,
        1811,
        2627,
        22821
      ],
      [
        4031,
        5572,
        3900,
        3357,
        6904,
        3756,
        6016,
        52082
      ],
      [
        2781,
        2750,
        3788,
        4125,
        4738,
        3057,
        5731,
        38915
      ],
      [
        1125,
        1511,
        1639,
        1155,
        2012,
        1105,
        1816,
        14866
      ],
      [
        0,
        0,
        0,
        0,
        0,
        0,
        0,
        0
      ]
    ]
  },
  "per_class_metrics": {
    "Benign": {
      "precision": 0.0,
      "recall": 0.0,
      "f1_score": 0.0,
      "support": 0
    },
    "Endothelial": {
      "precision": 0.05413262099308611,
      "recall": 0.055279204107830555,
      "f1_score": 0.054699904731660844,
      "support": 12464
    },
    "Epithelial_non_malignant": {
      "precision": 0.0,
      "recall": 0.0,
      "f1_score": 0.0,
      "support": 0
    },
    "Fibroblasts": {
      "precision": 0.1918395937308467,
      "recall": 0.05852186222922621,
      "f1_score": 0.08968481375358166,
      "support": 37439
    },
    "Lymphoid": {
      "precision": 0.4006034582801439,
      "recall": 0.08063724917657501,
      "f1_score": 0.13425115700229456,
      "support": 85618
    },
    "Malignant": {
      "precision": 0.2972289742343218,
      "recall": 0.04639902861045762,
      "f1_score": 0.08026782197715636,
      "support": 65885
    },
    "Myeloid": {
      "precision": 0.10604998832048587,
      "recall": 0.0719806571802291,
      "f1_score": 0.08575543645078271,
      "support": 25229
    },
    "Other_non_neoplastic": {
      "precision": 0.0,
      "recall": 0.0,
      "f1_score": 0.0,
      "support": 0
    }
  },
  "label_counts": {
    "predictions": {
      "Other_non_neoplastic": 136363,
      "Lymphoid": 17234,
      "Myeloid": 17124,
      "Endothelial": 12728,
      "Fibroblasts": 11421,
      "Epithelial_non_malignant": 11343,
      "Malignant": 10285,
      "Benign": 10137
    },
    "ground_truth": {
      "Lymphoid": 85618,
      "Malignant": 65885,
      "Fibroblasts": 37439,
      "Myeloid": 25229,
      "Endothelial": 12464
    }
  },
  "dataset_info": {
    "total_cells": 226635,
    "original_pred_cells": 226635,
    "original_gt_cells": 226635,
    "matched_cells": 226635,
    "cells_filtered": false,
    "unique_pred_labels": 9,
    "unique_gt_labels": 8,
    "standardized_pred_labels": 8,
    "standardized_gt_labels": 5,
    "unmapped_predictions": 0,
    "unmapped_ground_truth": 0
  },
  "mapping_store_stats": {
    "total_mappings": 2790,
    "last_updated": "2026-04-24T01:33:54.017686",
    "file_path": "/cs/student/projects2/aisd/2024/shekchu/projects/celltype_eval_llm/mappings/label_mappings.json"
  }
}