{
  "accuracy": 0.08168658088235294,
  "macro_f1": 0.0633042128480651,
  "weighted_f1": 0.13942324475000528,
  "confusion_matrix": {
    "labels": [
      "Endothelial",
      "Fibroblasts",
      "Lymphoid",
      "Malignant",
      "Myeloid",
      "Non neoplastic",
      "Other/unknown"
    ],
    "matrix": [
      [
        0,
        0,
        0,
        0,
        0,
        0,
        0
      ],
      [
        0,
        0,
        0,
        0,
        0,
        0,
        0
      ],
      [
        0,
        0,
        5381,
        0,
        2,
        31741,
        0
      ],
      [
        0,
        412,
        2,
        0,
        0,
        746,
        0
      ],
      [
        0,
        0,
        89,
        0,
        1018,
        8006,
        0
      ],
      [
        0,
        0,
        0,
        0,
        0,
        0,
        0
      ],
      [
        98,
        8,
        1197,
        0,
        182,
        29454,
        0
      ]
    ]
  },
  "per_class_metrics": {
    "Endothelial": {
      "precision": 0.0,
      "recall": 0.0,
      "f1_score": 0.0,
      "support": 0
    },
    "Fibroblasts": {
      "precision": 0.0,
      "recall": 0.0,
      "f1_score": 0.0,
      "support": 0
    },
    "Lymphoid": {
      "precision": 0.8068675963412806,
      "recall": 0.14494666523003988,
      "f1_score": 0.24574703719772567,
      "support": 37124
    },
    "Malignant": {
      "precision": 0.0,
      "recall": 0.0,
      "f1_score": 0.0,
      "support": 1160
    },
    "Myeloid": {
      "precision": 0.8469217970049917,
      "recall": 0.11170854822780643,
      "f1_score": 0.19738245273873,
      "support": 9113
    },
    "Non neoplastic": {
      "precision": 0.0,
      "recall": 0.0,
      "f1_score": 0.0,
      "support": 0
    },
    "Other/unknown": {
      "precision": 0.0,
      "recall": 0.0,
      "f1_score": 0.0,
      "support": 30939
    }
  },
  "label_counts": {
    "predictions": {
      "Non neoplastic": 69947,
      "Lymphoid": 6669,
      "Myeloid": 1202,
      "Fibroblasts": 420,
      "Endothelial": 98
    },
    "ground_truth": {
      "Lymphoid": 37124,
      "Other/unknown": 30939,
      "Myeloid": 9113,
      "Malignant": 1160
    }
  },
  "dataset_info": {
    "total_cells": 78336,
    "original_pred_cells": 78336,
    "original_gt_cells": 78336,
    "matched_cells": 78336,
    "cells_filtered": false,
    "unique_pred_labels": 20,
    "unique_gt_labels": 10,
    "standardized_pred_labels": 5,
    "standardized_gt_labels": 4,
    "unmapped_predictions": 0,
    "unmapped_ground_truth": 0
  },
  "mapping_store_stats": {
    "total_mappings": 869,
    "last_updated": "2026-03-10T12:13:16.510043",
    "file_path": "/cs/student/projects2/aisd/2024/shekchu/projects/celltype_eval_llm/mappings/label_mappings.json"
  }
}