Metric,Value
Accuracy,0.20900215620507906
Macro F1,0.13017613427444216
Weighted F1,0.2459425082184551
Total Cells,33392.0
Unique Pred Labels (L3),8.0
Unique GT Labels (L3),4.0
