{
  "accuracy": 0.030429354690340433,
  "macro_f1": 0.06443077072895156,
  "weighted_f1": 0.009348100055656667,
  "confusion_matrix": {
    "labels": [
      "Endothelial",
      "Epithelial_non_malignant",
      "Fibroblasts",
      "Lymphoid",
      "Malignant",
      "Myeloid",
      "Non neoplastic",
      "Other_non_neoplastic"
    ],
    "matrix": [
      [
        859,
        0,
        30,
        0,
        0,
        0,
        7,
        0
      ],
      [
        2,
        0,
        4,
        0,
        0,
        0,
        270,
        0
      ],
      [
        8,
        0,
        3309,
        0,
        0,
        0,
        27,
        0
      ],
      [
        0,
        0,
        4,
        0,
        0,
        0,
        21103,
        0
      ],
      [
        7723,
        0,
        13095,
        0,
        0,
        0,
        70707,
        0
      ],
      [
        0,
        0,
        4,
        0,
        0,
        0,
        18113,
        0
      ],
      [
        0,
        0,
        0,
        0,
        0,
        0,
        0,
        0
      ],
      [
        1,
        0,
        1,
        0,
        0,
        0,
        1706,
        0
      ]
    ]
  },
  "per_class_metrics": {
    "Endothelial": {
      "precision": 0.09996508786221343,
      "recall": 0.9587053571428571,
      "f1_score": 0.18105174412477607,
      "support": 896
    },
    "Epithelial_non_malignant": {
      "precision": 0.0,
      "recall": 0.0,
      "f1_score": 0.0,
      "support": 276
    },
    "Fibroblasts": {
      "precision": 0.20119170669422995,
      "recall": 0.9895334928229665,
      "f1_score": 0.3343944217068364,
      "support": 3344
    },
    "Lymphoid": {
      "precision": 0.0,
      "recall": 0.0,
      "f1_score": 0.0,
      "support": 21107
    },
    "Malignant": {
      "precision": 0.0,
      "recall": 0.0,
      "f1_score": 0.0,
      "support": 91525
    },
    "Myeloid": {
      "precision": 0.0,
      "recall": 0.0,
      "f1_score": 0.0,
      "support": 18117
    },
    "Non neoplastic": {
      "precision": 0.0,
      "recall": 0.0,
      "f1_score": 0.0,
      "support": 0
    },
    "Other_non_neoplastic": {
      "precision": 0.0,
      "recall": 0.0,
      "f1_score": 0.0,
      "support": 1708
    }
  },
  "label_counts": {
    "predictions": {
      "Non neoplastic": 111933,
      "Fibroblasts": 16447,
      "Endothelial": 8593
    },
    "ground_truth": {
      "Malignant": 91525,
      "Lymphoid": 21107,
      "Myeloid": 18117,
      "Fibroblasts": 3344,
      "Other_non_neoplastic": 1708,
      "Endothelial": 896,
      "Epithelial_non_malignant": 276
    }
  },
  "dataset_info": {
    "total_cells": 136973,
    "original_pred_cells": 136973,
    "original_gt_cells": 136973,
    "matched_cells": 136973,
    "cells_filtered": false,
    "unique_pred_labels": 16,
    "unique_gt_labels": 12,
    "standardized_pred_labels": 3,
    "standardized_gt_labels": 7,
    "unmapped_predictions": 0,
    "unmapped_ground_truth": 0
  },
  "mapping_store_stats": {
    "total_mappings": 869,
    "last_updated": "2026-03-10T12:13:16.510043",
    "file_path": "/cs/student/projects2/aisd/2024/shekchu/projects/celltype_eval_llm/mappings/label_mappings.json"
  }
}