{
  "accuracy": 0.06459805143833403,
  "macro_f1": 0.18544773120051444,
  "weighted_f1": 0.051576916753102484,
  "confusion_matrix": {
    "labels": [
      "Endothelial",
      "Epithelial_non_malignant",
      "Fibroblasts",
      "Lymphoid",
      "Malignant",
      "Myeloid",
      "Non neoplastic",
      "Other/unknown"
    ],
    "matrix": [
      [
        469,
        0,
        0,
        0,
        0,
        0,
        9,
        0
      ],
      [
        0,
        0,
        8,
        0,
        0,
        0,
        114,
        0
      ],
      [
        0,
        0,
        930,
        0,
        0,
        0,
        333,
        0
      ],
      [
        0,
        0,
        0,
        0,
        0,
        0,
        5174,
        0
      ],
      [
        0,
        0,
        1326,
        0,
        0,
        0,
        9749,
        0
      ],
      [
        0,
        0,
        0,
        0,
        0,
        0,
        2515,
        0
      ],
      [
        0,
        0,
        0,
        0,
        0,
        0,
        0,
        0
      ],
      [
        26,
        0,
        53,
        0,
        0,
        0,
        951,
        0
      ]
    ]
  },
  "per_class_metrics": {
    "Endothelial": {
      "precision": 0.9474747474747475,
      "recall": 0.9811715481171548,
      "f1_score": 0.9640287769784173,
      "support": 478
    },
    "Epithelial_non_malignant": {
      "precision": 0.0,
      "recall": 0.0,
      "f1_score": 0.0,
      "support": 122
    },
    "Fibroblasts": {
      "precision": 0.40138109624514456,
      "recall": 0.7363420427553444,
      "f1_score": 0.5195530726256983,
      "support": 1263
    },
    "Lymphoid": {
      "precision": 0.0,
      "recall": 0.0,
      "f1_score": 0.0,
      "support": 5174
    },
    "Malignant": {
      "precision": 0.0,
      "recall": 0.0,
      "f1_score": 0.0,
      "support": 11075
    },
    "Myeloid": {
      "precision": 0.0,
      "recall": 0.0,
      "f1_score": 0.0,
      "support": 2515
    },
    "Non neoplastic": {
      "precision": 0.0,
      "recall": 0.0,
      "f1_score": 0.0,
      "support": 0
    },
    "Other/unknown": {
      "precision": 0.0,
      "recall": 0.0,
      "f1_score": 0.0,
      "support": 1030
    }
  },
  "label_counts": {
    "predictions": {
      "Non neoplastic": 18845,
      "Fibroblasts": 2317,
      "Endothelial": 495
    },
    "ground_truth": {
      "Malignant": 11075,
      "Lymphoid": 5174,
      "Myeloid": 2515,
      "Fibroblasts": 1263,
      "Other/unknown": 1030,
      "Endothelial": 478,
      "Epithelial_non_malignant": 122
    }
  },
  "dataset_info": {
    "total_cells": 21657,
    "original_pred_cells": 21657,
    "original_gt_cells": 21657,
    "matched_cells": 21657,
    "cells_filtered": false,
    "unique_pred_labels": 14,
    "unique_gt_labels": 9,
    "standardized_pred_labels": 3,
    "standardized_gt_labels": 7,
    "unmapped_predictions": 0,
    "unmapped_ground_truth": 0
  },
  "mapping_store_stats": {
    "total_mappings": 869,
    "last_updated": "2026-03-10T12:13:16.510043",
    "file_path": "/cs/student/projects2/aisd/2024/shekchu/projects/celltype_eval_llm/mappings/label_mappings.json"
  }
}