{
  "accuracy": 0.22521544412024158,
  "macro_f1": 0.18448927206788623,
  "weighted_f1": 0.24894905782715201,
  "confusion_matrix": {
    "labels": [
      "Endothelial",
      "Epithelial_non_malignant",
      "Fibroblasts",
      "Lymphoid",
      "Malignant",
      "Myeloid",
      "Non neoplastic",
      "Other/unknown",
      "Other_non_neoplastic"
    ],
    "matrix": [
      [
        4144,
        0,
        0,
        0,
        0,
        0,
        8,
        0,
        0
      ],
      [
        0,
        0,
        0,
        0,
        0,
        0,
        3763,
        0,
        0
      ],
      [
        161,
        0,
        0,
        0,
        0,
        0,
        469,
        0,
        0
      ],
      [
        0,
        0,
        0,
        0,
        0,
        0,
        1944,
        0,
        0
      ],
      [
        0,
        0,
        0,
        0,
        0,
        0,
        11410,
        0,
        0
      ],
      [
        0,
        0,
        0,
        0,
        0,
        2494,
        2308,
        0,
        0
      ],
      [
        0,
        0,
        0,
        0,
        0,
        0,
        0,
        0,
        0
      ],
      [
        15,
        0,
        0,
        0,
        0,
        14,
        316,
        0,
        0
      ],
      [
        2,
        0,
        0,
        0,
        0,
        0,
        2426,
        0,
        0
      ]
    ]
  },
  "per_class_metrics": {
    "Endothelial": {
      "precision": 0.9588153632577511,
      "recall": 0.9980732177263969,
      "f1_score": 0.9780505074345055,
      "support": 4152
    },
    "Epithelial_non_malignant": {
      "precision": 0.0,
      "recall": 0.0,
      "f1_score": 0.0,
      "support": 3763
    },
    "Fibroblasts": {
      "precision": 0.0,
      "recall": 0.0,
      "f1_score": 0.0,
      "support": 630
    },
    "Lymphoid": {
      "precision": 0.0,
      "recall": 0.0,
      "f1_score": 0.0,
      "support": 1944
    },
    "Malignant": {
      "precision": 0.0,
      "recall": 0.0,
      "f1_score": 0.0,
      "support": 11410
    },
    "Myeloid": {
      "precision": 0.9944178628389154,
      "recall": 0.5193669304456476,
      "f1_score": 0.6823529411764706,
      "support": 4802
    },
    "Non neoplastic": {
      "precision": 0.0,
      "recall": 0.0,
      "f1_score": 0.0,
      "support": 0
    },
    "Other/unknown": {
      "precision": 0.0,
      "recall": 0.0,
      "f1_score": 0.0,
      "support": 345
    },
    "Other_non_neoplastic": {
      "precision": 0.0,
      "recall": 0.0,
      "f1_score": 0.0,
      "support": 2428
    }
  },
  "label_counts": {
    "predictions": {
      "Non neoplastic": 22644,
      "Endothelial": 4322,
      "Myeloid": 2508
    },
    "ground_truth": {
      "Malignant": 11410,
      "Myeloid": 4802,
      "Endothelial": 4152,
      "Epithelial_non_malignant": 3763,
      "Other_non_neoplastic": 2428,
      "Lymphoid": 1944,
      "Fibroblasts": 630,
      "Other/unknown": 345
    }
  },
  "dataset_info": {
    "total_cells": 29474,
    "original_pred_cells": 29474,
    "original_gt_cells": 29474,
    "matched_cells": 29474,
    "cells_filtered": false,
    "unique_pred_labels": 27,
    "unique_gt_labels": 14,
    "standardized_pred_labels": 3,
    "standardized_gt_labels": 8,
    "unmapped_predictions": 0,
    "unmapped_ground_truth": 0
  },
  "mapping_store_stats": {
    "total_mappings": 869,
    "last_updated": "2026-03-10T12:13:16.510043",
    "file_path": "/cs/student/projects2/aisd/2024/shekchu/projects/celltype_eval_llm/mappings/label_mappings.json"
  }
}