Metric,Value
Accuracy,0.27509778357235987
Macro F1,0.06164183464796962
Weighted F1,0.11870272460893239
Total Cells,1534.0
Unique Pred Labels (L3),1.0
Unique GT Labels (L3),7.0
