{
  "accuracy": 0.18866407610880342,
  "macro_f1": 0.3001428958374071,
  "weighted_f1": 0.17484336351366953,
  "confusion_matrix": {
    "labels": [
      "Endothelial",
      "Fibroblasts",
      "Lymphoid",
      "Malignant",
      "Myeloid",
      "Non neoplastic",
      "Other_non_neoplastic"
    ],
    "matrix": [
      [
        106,
        28,
        0,
        0,
        0,
        0,
        0
      ],
      [
        3,
        1134,
        0,
        0,
        0,
        643,
        0
      ],
      [
        0,
        4,
        0,
        0,
        10,
        416,
        0
      ],
      [
        128,
        1274,
        0,
        0,
        2,
        8734,
        855
      ],
      [
        0,
        0,
        0,
        0,
        1576,
        13,
        0
      ],
      [
        0,
        0,
        0,
        0,
        0,
        0,
        0
      ],
      [
        0,
        0,
        0,
        0,
        0,
        0,
        0
      ]
    ]
  },
  "per_class_metrics": {
    "Endothelial": {
      "precision": 0.4472573839662447,
      "recall": 0.7910447761194029,
      "f1_score": 0.5714285714285714,
      "support": 134
    },
    "Fibroblasts": {
      "precision": 0.46475409836065573,
      "recall": 0.6370786516853932,
      "f1_score": 0.5374407582938389,
      "support": 1780
    },
    "Lymphoid": {
      "precision": 0.0,
      "recall": 0.0,
      "f1_score": 0.0,
      "support": 430
    },
    "Malignant": {
      "precision": 0.0,
      "recall": 0.0,
      "f1_score": 0.0,
      "support": 10993
    },
    "Myeloid": {
      "precision": 0.9924433249370277,
      "recall": 0.9918187539332913,
      "f1_score": 0.9921309411394397,
      "support": 1589
    },
    "Non neoplastic": {
      "precision": 0.0,
      "recall": 0.0,
      "f1_score": 0.0,
      "support": 0
    },
    "Other_non_neoplastic": {
      "precision": 0.0,
      "recall": 0.0,
      "f1_score": 0.0,
      "support": 0
    }
  },
  "label_counts": {
    "predictions": {
      "Non neoplastic": 9806,
      "Fibroblasts": 2440,
      "Myeloid": 1588,
      "Other_non_neoplastic": 855,
      "Endothelial": 237
    },
    "ground_truth": {
      "Malignant": 10993,
      "Fibroblasts": 1780,
      "Myeloid": 1589,
      "Lymphoid": 430,
      "Endothelial": 134
    }
  },
  "dataset_info": {
    "total_cells": 14926,
    "original_pred_cells": 14926,
    "original_gt_cells": 14926,
    "matched_cells": 14926,
    "cells_filtered": false,
    "unique_pred_labels": 9,
    "unique_gt_labels": 5,
    "standardized_pred_labels": 5,
    "standardized_gt_labels": 5,
    "unmapped_predictions": 0,
    "unmapped_ground_truth": 0
  },
  "mapping_store_stats": {
    "total_mappings": 869,
    "last_updated": "2026-03-10T12:13:16.510043",
    "file_path": "/cs/student/projects2/aisd/2024/shekchu/projects/celltype_eval_llm/mappings/label_mappings.json"
  }
}