Metric,Value
Accuracy,0.8882406233013227
Macro F1,0.39970201433632757
Weighted F1,0.8759420733923543
Total Cells,55190.0
Unique Pred Labels (L3),7.0
Unique GT Labels (L3),6.0
