Metric,Value
Accuracy,0.2290219540637834
Macro F1,0.06211496149614962
Weighted F1,0.08535413915066911
Total Cells,19723.0
Unique Pred Labels (L3),1.0
Unique GT Labels (L3),6.0
