{
  "accuracy": 0.9685824794734342,
  "macro_f1": 0.8305479978837773,
  "weighted_f1": 0.9587762953463714,
  "confusion_matrix": {
    "labels": [
      "Endothelial",
      "Epithelial_non_malignant",
      "Fibroblasts",
      "Lymphoid",
      "Malignant",
      "Myeloid",
      "Other_non_neoplastic"
    ],
    "matrix": [
      [
        4152,
        0,
        0,
        0,
        0,
        0,
        0
      ],
      [
        0,
        3763,
        0,
        0,
        0,
        0,
        0
      ],
      [
        630,
        0,
        0,
        0,
        0,
        0,
        0
      ],
      [
        0,
        277,
        0,
        1667,
        0,
        0,
        0
      ],
      [
        0,
        0,
        0,
        0,
        11410,
        0,
        0
      ],
      [
        0,
        0,
        0,
        0,
        0,
        4802,
        0
      ],
      [
        0,
        0,
        19,
        0,
        0,
        0,
        2754
      ]
    ]
  },
  "per_class_metrics": {
    "Endothelial": {
      "precision": 0.8682559598494354,
      "recall": 1.0,
      "f1_score": 0.9294828744123573,
      "support": 4152
    },
    "Epithelial_non_malignant": {
      "precision": 0.9314356435643565,
      "recall": 1.0,
      "f1_score": 0.9645008330129438,
      "support": 3763
    },
    "Fibroblasts": {
      "precision": 0.0,
      "recall": 0.0,
      "f1_score": 0.0,
      "support": 630
    },
    "Lymphoid": {
      "precision": 1.0,
      "recall": 0.8575102880658436,
      "f1_score": 0.9232899473829964,
      "support": 1944
    },
    "Malignant": {
      "precision": 1.0,
      "recall": 1.0,
      "f1_score": 1.0,
      "support": 11410
    },
    "Myeloid": {
      "precision": 1.0,
      "recall": 1.0,
      "f1_score": 1.0,
      "support": 4802
    },
    "Other_non_neoplastic": {
      "precision": 1.0,
      "recall": 0.9931482149296791,
      "f1_score": 0.9965623303781437,
      "support": 2773
    }
  },
  "label_counts": {
    "predictions": {
      "Malignant": 11410,
      "Myeloid": 4802,
      "Endothelial": 4782,
      "Epithelial_non_malignant": 4040,
      "Other_non_neoplastic": 2754,
      "Lymphoid": 1667,
      "Fibroblasts": 19
    },
    "ground_truth": {
      "Malignant": 11410,
      "Myeloid": 4802,
      "Endothelial": 4152,
      "Epithelial_non_malignant": 3763,
      "Other_non_neoplastic": 2773,
      "Lymphoid": 1944,
      "Fibroblasts": 630
    }
  },
  "dataset_info": {
    "total_cells": 29474,
    "original_pred_cells": 29474,
    "original_gt_cells": 29474,
    "matched_cells": 29474,
    "cells_filtered": false,
    "unique_pred_labels": 14,
    "unique_gt_labels": 14,
    "standardized_pred_labels": 7,
    "standardized_gt_labels": 7,
    "unmapped_predictions": 0,
    "unmapped_ground_truth": 0
  },
  "mapping_store_stats": {
    "total_mappings": 2790,
    "last_updated": "2026-04-24T01:33:54.017686",
    "file_path": "/cs/student/projects2/aisd/2024/shekchu/projects/celltype_eval_llm/mappings/label_mappings.json"
  }
}