Metric,Value
Accuracy,0.5697563954671914
Macro F1,0.5870430820808501
Weighted F1,0.4870436103529131
Total Cells,29474.0
Unique Pred Labels (L3),6.0
Unique GT Labels (L3),7.0
