{
  "accuracy": 0.1866905180684362,
  "macro_f1": 0.26389976340512267,
  "weighted_f1": 0.2392370183000287,
  "confusion_matrix": {
    "labels": [
      "Endothelial",
      "Epithelial_non_malignant",
      "Fibroblasts",
      "Lymphoid",
      "Malignant",
      "Myeloid",
      "Non neoplastic"
    ],
    "matrix": [
      [
        7549,
        0,
        6,
        20,
        0,
        0,
        30
      ],
      [
        0,
        0,
        1,
        0,
        0,
        0,
        4354
      ],
      [
        20,
        0,
        6303,
        95,
        0,
        0,
        5578
      ],
      [
        14,
        0,
        8,
        4829,
        0,
        0,
        37093
      ],
      [
        3,
        0,
        1046,
        226,
        0,
        0,
        23214
      ],
      [
        37,
        0,
        2,
        52,
        0,
        0,
        9584
      ],
      [
        0,
        0,
        0,
        0,
        0,
        0,
        0
      ]
    ]
  },
  "per_class_metrics": {
    "Endothelial": {
      "precision": 0.9902925357470812,
      "recall": 0.9926364234056542,
      "f1_score": 0.9914630942999737,
      "support": 7605
    },
    "Epithelial_non_malignant": {
      "precision": 0.0,
      "recall": 0.0,
      "f1_score": 0.0,
      "support": 4355
    },
    "Fibroblasts": {
      "precision": 0.8556882975834917,
      "recall": 0.5254251417139046,
      "f1_score": 0.6510691044313603,
      "support": 11996
    },
    "Lymphoid": {
      "precision": 0.9247414783607814,
      "recall": 0.1151296967385085,
      "f1_score": 0.20476614510452446,
      "support": 41944
    },
    "Malignant": {
      "precision": 0.0,
      "recall": 0.0,
      "f1_score": 0.0,
      "support": 24489
    },
    "Myeloid": {
      "precision": 0.0,
      "recall": 0.0,
      "f1_score": 0.0,
      "support": 9675
    },
    "Non neoplastic": {
      "precision": 0.0,
      "recall": 0.0,
      "f1_score": 0.0,
      "support": 0
    }
  },
  "label_counts": {
    "predictions": {
      "Non neoplastic": 79853,
      "Endothelial": 7623,
      "Fibroblasts": 7366,
      "Lymphoid": 5222
    },
    "ground_truth": {
      "Lymphoid": 41944,
      "Malignant": 24489,
      "Fibroblasts": 11996,
      "Myeloid": 9675,
      "Endothelial": 7605,
      "Epithelial_non_malignant": 4355
    }
  },
  "dataset_info": {
    "total_cells": 100064,
    "original_pred_cells": 100064,
    "original_gt_cells": 100064,
    "matched_cells": 100064,
    "cells_filtered": false,
    "unique_pred_labels": 17,
    "unique_gt_labels": 13,
    "standardized_pred_labels": 4,
    "standardized_gt_labels": 6,
    "unmapped_predictions": 0,
    "unmapped_ground_truth": 0
  },
  "mapping_store_stats": {
    "total_mappings": 869,
    "last_updated": "2026-03-10T12:13:16.510043",
    "file_path": "/cs/student/projects2/aisd/2024/shekchu/projects/celltype_eval_llm/mappings/label_mappings.json"
  }
}