Metric,Value
Accuracy,0.30462416939992865
Macro F1,0.5878221737351698
Weighted F1,0.28909189942623736
Total Cells,58843.0
Unique Pred Labels (L3),5.0
Unique GT Labels (L3),6.0
