{
  "accuracy": 0.05917419829149985,
  "macro_f1": 0.16379076723580133,
  "weighted_f1": 0.05466405102108979,
  "confusion_matrix": {
    "labels": [
      "Endothelial",
      "Epithelial_non_malignant",
      "Fibroblasts",
      "Lymphoid",
      "Malignant",
      "Myeloid",
      "Non neoplastic",
      "Other/unknown",
      "Other_non_neoplastic"
    ],
    "matrix": [
      [
        3567,
        0,
        10,
        0,
        0,
        3,
        811,
        0,
        0
      ],
      [
        224,
        0,
        55,
        0,
        0,
        21,
        5924,
        0,
        0
      ],
      [
        0,
        0,
        0,
        0,
        0,
        0,
        0,
        0,
        0
      ],
      [
        4,
        0,
        8,
        0,
        0,
        191,
        11792,
        0,
        0
      ],
      [
        16,
        0,
        1352,
        0,
        0,
        4,
        683,
        0,
        0
      ],
      [
        0,
        0,
        4,
        0,
        0,
        3838,
        1090,
        0,
        0
      ],
      [
        0,
        0,
        0,
        0,
        0,
        0,
        0,
        0,
        0
      ],
      [
        779,
        0,
        2980,
        0,
        0,
        2303,
        89353,
        0,
        0
      ],
      [
        0,
        0,
        0,
        0,
        0,
        0,
        127,
        0,
        0
      ]
    ]
  },
  "per_class_metrics": {
    "Endothelial": {
      "precision": 0.777124183006536,
      "recall": 0.8123434297426554,
      "f1_score": 0.7943436142968489,
      "support": 4391
    },
    "Epithelial_non_malignant": {
      "precision": 0.0,
      "recall": 0.0,
      "f1_score": 0.0,
      "support": 6224
    },
    "Fibroblasts": {
      "precision": 0.0,
      "recall": 0.0,
      "f1_score": 0.0,
      "support": 0
    },
    "Lymphoid": {
      "precision": 0.0,
      "recall": 0.0,
      "f1_score": 0.0,
      "support": 11995
    },
    "Malignant": {
      "precision": 0.0,
      "recall": 0.0,
      "f1_score": 0.0,
      "support": 2055
    },
    "Myeloid": {
      "precision": 0.6034591194968554,
      "recall": 0.778183292781833,
      "f1_score": 0.6797732908253631,
      "support": 4932
    },
    "Non neoplastic": {
      "precision": 0.0,
      "recall": 0.0,
      "f1_score": 0.0,
      "support": 0
    },
    "Other/unknown": {
      "precision": 0.0,
      "recall": 0.0,
      "f1_score": 0.0,
      "support": 95415
    },
    "Other_non_neoplastic": {
      "precision": 0.0,
      "recall": 0.0,
      "f1_score": 0.0,
      "support": 127
    }
  },
  "label_counts": {
    "predictions": {
      "Non neoplastic": 109780,
      "Myeloid": 6360,
      "Endothelial": 4590,
      "Fibroblasts": 4409
    },
    "ground_truth": {
      "Other/unknown": 95415,
      "Lymphoid": 11995,
      "Epithelial_non_malignant": 6224,
      "Myeloid": 4932,
      "Endothelial": 4391,
      "Malignant": 2055,
      "Other_non_neoplastic": 127
    }
  },
  "dataset_info": {
    "total_cells": 125139,
    "original_pred_cells": 125139,
    "original_gt_cells": 125139,
    "matched_cells": 125139,
    "cells_filtered": false,
    "unique_pred_labels": 35,
    "unique_gt_labels": 14,
    "standardized_pred_labels": 4,
    "standardized_gt_labels": 7,
    "unmapped_predictions": 0,
    "unmapped_ground_truth": 0
  },
  "mapping_store_stats": {
    "total_mappings": 869,
    "last_updated": "2026-03-10T12:13:16.510043",
    "file_path": "/cs/student/projects2/aisd/2024/shekchu/projects/celltype_eval_llm/mappings/label_mappings.json"
  }
}