Metric,Value
Accuracy,0.8134337970118496
Macro F1,0.6868059785409736
Weighted F1,0.8142659885108571
Total Cells,15528.0
Unique Pred Labels (L3),7.0
Unique GT Labels (L3),7.0
