Metric,Value
Accuracy,0.10207235908273665
Macro F1,0.08628970330974567
Weighted F1,0.020873182338716084
Total Cells,31703.0
Unique Pred Labels (L3),2.0
Unique GT Labels (L3),4.0
