Metric,Value
Accuracy,0.3333333333333333
Macro F1,0.5714285714285714
Weighted F1,0.3333333333333333
Total Cells,3018.0
Unique Pred Labels (L3),5.0
Unique GT Labels (L3),6.0
