Metric,Value
Accuracy,0.24788653015216983
Macro F1,0.4793550492380921
Weighted F1,0.1763884164678048
Total Cells,21292.0
Unique Pred Labels (L3),5.0
Unique GT Labels (L3),7.0
