Metric,Value
Accuracy,0.5218158376874533
Macro F1,0.4650010717262535
Weighted F1,0.4261374587342285
Total Cells,29474.0
Unique Pred Labels (L3),6.0
Unique GT Labels (L3),7.0
