Metric,Value
Accuracy,0.08709677419354839
Macro F1,0.05268292682926829
Weighted F1,0.1420739575137687
Total Cells,2170.0
Unique Pred Labels (L3),4.0
Unique GT Labels (L3),4.0
