Metric,Value
Accuracy,0.12191893535577576
Macro F1,0.12943006578164223
Weighted F1,0.13766095967555286
Total Cells,27953.0
Unique Pred Labels (L3),6.0
Unique GT Labels (L3),7.0
