{
  "accuracy": 0.3376259025893391,
  "macro_f1": 0.5135681608826982,
  "weighted_f1": 0.3573632150311037,
  "confusion_matrix": {
    "labels": [
      "Benign",
      "Endothelial",
      "Epithelial_non_malignant",
      "Fibroblasts",
      "Lymphoid",
      "Malignant",
      "Myeloid"
    ],
    "matrix": [
      [
        0,
        0,
        0,
        0,
        0,
        0,
        0
      ],
      [
        0,
        1332,
        0,
        0,
        0,
        0,
        0
      ],
      [
        8664,
        0,
        0,
        0,
        0,
        0,
        0
      ],
      [
        625,
        0,
        0,
        651,
        0,
        0,
        0
      ],
      [
        178,
        0,
        0,
        0,
        2535,
        0,
        0
      ],
      [
        4658,
        0,
        0,
        0,
        0,
        0,
        0
      ],
      [
        277,
        0,
        0,
        0,
        0,
        0,
        2823
      ]
    ]
  },
  "per_class_metrics": {
    "Benign": {
      "precision": 0.0,
      "recall": 0.0,
      "f1_score": 0.0,
      "support": 0
    },
    "Endothelial": {
      "precision": 1.0,
      "recall": 1.0,
      "f1_score": 1.0,
      "support": 1332
    },
    "Epithelial_non_malignant": {
      "precision": 0.0,
      "recall": 0.0,
      "f1_score": 0.0,
      "support": 8664
    },
    "Fibroblasts": {
      "precision": 1.0,
      "recall": 0.5101880877742947,
      "f1_score": 0.6756616502335236,
      "support": 1276
    },
    "Lymphoid": {
      "precision": 1.0,
      "recall": 0.9343899741983045,
      "f1_score": 0.9660823170731707,
      "support": 2713
    },
    "Malignant": {
      "precision": 0.0,
      "recall": 0.0,
      "f1_score": 0.0,
      "support": 4658
    },
    "Myeloid": {
      "precision": 1.0,
      "recall": 0.9106451612903226,
      "f1_score": 0.9532331588721932,
      "support": 3100
    }
  },
  "label_counts": {
    "predictions": {
      "Benign": 14402,
      "Myeloid": 2823,
      "Lymphoid": 2535,
      "Endothelial": 1332,
      "Fibroblasts": 651
    },
    "ground_truth": {
      "Epithelial_non_malignant": 8664,
      "Malignant": 4658,
      "Myeloid": 3100,
      "Lymphoid": 2713,
      "Endothelial": 1332,
      "Fibroblasts": 1276
    }
  },
  "dataset_info": {
    "total_cells": 21743,
    "original_pred_cells": 21743,
    "original_gt_cells": 21743,
    "matched_cells": 21743,
    "cells_filtered": false,
    "unique_pred_labels": 5,
    "unique_gt_labels": 9,
    "standardized_pred_labels": 5,
    "standardized_gt_labels": 6,
    "unmapped_predictions": 0,
    "unmapped_ground_truth": 0
  },
  "mapping_store_stats": {
    "total_mappings": 2790,
    "last_updated": "2026-04-24T01:33:54.017686",
    "file_path": "/cs/student/projects2/aisd/2024/shekchu/projects/celltype_eval_llm/mappings/label_mappings.json"
  }
}