Metric,Value
Accuracy,0.5954890036654449
Macro F1,0.6540095981324231
Weighted F1,0.47000412482271037
Total Cells,48016.0
Unique Pred Labels (L3),3.0
Unique GT Labels (L3),4.0
