Metric,Value
Accuracy,0.824476562070671
Macro F1,0.4751246105919003
Weighted F1,0.7454472708434874
Total Cells,18197.0
Unique Pred Labels (L3),2.0
Unique GT Labels (L3),4.0
