{
  "accuracy": 0.21255098257322952,
  "macro_f1": 0.23593092024740187,
  "weighted_f1": 0.2593887195480506,
  "confusion_matrix": {
    "labels": [
      "Endothelial",
      "Fibroblasts",
      "Lymphoid",
      "Malignant",
      "Myeloid",
      "Non neoplastic",
      "Other/unknown",
      "Other_non_neoplastic"
    ],
    "matrix": [
      [
        0,
        0,
        0,
        0,
        0,
        0,
        0,
        0
      ],
      [
        0,
        1602,
        0,
        5,
        0,
        424,
        1,
        0
      ],
      [
        0,
        0,
        0,
        1,
        0,
        523,
        5,
        0
      ],
      [
        224,
        0,
        0,
        603,
        0,
        1082,
        0,
        0
      ],
      [
        0,
        0,
        0,
        2,
        0,
        6077,
        35,
        0
      ],
      [
        0,
        0,
        0,
        0,
        0,
        0,
        0,
        0
      ],
      [
        0,
        0,
        0,
        7,
        0,
        86,
        88,
        0
      ],
      [
        0,
        0,
        0,
        0,
        0,
        0,
        23,
        0
      ]
    ]
  },
  "per_class_metrics": {
    "Endothelial": {
      "precision": 0.0,
      "recall": 0.0,
      "f1_score": 0.0,
      "support": 0
    },
    "Fibroblasts": {
      "precision": 1.0,
      "recall": 0.7883858267716536,
      "f1_score": 0.8816730875068794,
      "support": 2032
    },
    "Lymphoid": {
      "precision": 0.0,
      "recall": 0.0,
      "f1_score": 0.0,
      "support": 529
    },
    "Malignant": {
      "precision": 0.9757281553398058,
      "recall": 0.31587218438973286,
      "f1_score": 0.47724574594380686,
      "support": 1909
    },
    "Myeloid": {
      "precision": 0.0,
      "recall": 0.0,
      "f1_score": 0.0,
      "support": 6114
    },
    "Non neoplastic": {
      "precision": 0.0,
      "recall": 0.0,
      "f1_score": 0.0,
      "support": 0
    },
    "Other/unknown": {
      "precision": 0.5789473684210527,
      "recall": 0.4861878453038674,
      "f1_score": 0.5285285285285285,
      "support": 181
    },
    "Other_non_neoplastic": {
      "precision": 0.0,
      "recall": 0.0,
      "f1_score": 0.0,
      "support": 23
    }
  },
  "label_counts": {
    "predictions": {
      "Non neoplastic": 8192,
      "Fibroblasts": 1602,
      "Malignant": 618,
      "Endothelial": 224,
      "Other/unknown": 152
    },
    "ground_truth": {
      "Myeloid": 6114,
      "Fibroblasts": 2032,
      "Malignant": 1909,
      "Lymphoid": 529,
      "Other/unknown": 181,
      "Other_non_neoplastic": 23
    }
  },
  "dataset_info": {
    "total_cells": 10788,
    "original_pred_cells": 10788,
    "original_gt_cells": 10788,
    "matched_cells": 10788,
    "cells_filtered": false,
    "unique_pred_labels": 18,
    "unique_gt_labels": 8,
    "standardized_pred_labels": 5,
    "standardized_gt_labels": 6,
    "unmapped_predictions": 0,
    "unmapped_ground_truth": 0
  },
  "mapping_store_stats": {
    "total_mappings": 869,
    "last_updated": "2026-03-10T12:13:16.510043",
    "file_path": "/cs/student/projects2/aisd/2024/shekchu/projects/celltype_eval_llm/mappings/label_mappings.json"
  }
}