Metric,Value
Accuracy,0.7553370992590419
Macro F1,0.5988451151624831
Weighted F1,0.7089025870383215
Total Cells,27262.0
Unique Pred Labels (L3),5.0
Unique GT Labels (L3),7.0
