{
  "accuracy": 0.29657374432027506,
  "macro_f1": 0.2558380364820928,
  "weighted_f1": 0.3128267368004017,
  "confusion_matrix": {
    "labels": [
      "Endothelial",
      "Fibroblasts",
      "Lymphoid",
      "Malignant",
      "Myeloid",
      "Non neoplastic",
      "Other_non_neoplastic"
    ],
    "matrix": [
      [
        4742,
        38,
        0,
        0,
        0,
        15,
        0
      ],
      [
        6,
        14578,
        0,
        0,
        0,
        4980,
        0
      ],
      [
        6,
        80,
        0,
        0,
        0,
        3504,
        0
      ],
      [
        0,
        1987,
        0,
        0,
        0,
        26712,
        0
      ],
      [
        2,
        37,
        0,
        0,
        0,
        5934,
        0
      ],
      [
        0,
        0,
        0,
        0,
        0,
        0,
        0
      ],
      [
        5,
        234,
        0,
        0,
        0,
        2284,
        0
      ]
    ]
  },
  "per_class_metrics": {
    "Endothelial": {
      "precision": 0.9960092417559336,
      "recall": 0.9889468196037539,
      "f1_score": 0.992465466722478,
      "support": 4795
    },
    "Fibroblasts": {
      "precision": 0.859856081160788,
      "recall": 0.7451441423021877,
      "f1_score": 0.7984007886521716,
      "support": 19564
    },
    "Lymphoid": {
      "precision": 0.0,
      "recall": 0.0,
      "f1_score": 0.0,
      "support": 3590
    },
    "Malignant": {
      "precision": 0.0,
      "recall": 0.0,
      "f1_score": 0.0,
      "support": 28699
    },
    "Myeloid": {
      "precision": 0.0,
      "recall": 0.0,
      "f1_score": 0.0,
      "support": 5973
    },
    "Non neoplastic": {
      "precision": 0.0,
      "recall": 0.0,
      "f1_score": 0.0,
      "support": 0
    },
    "Other_non_neoplastic": {
      "precision": 0.0,
      "recall": 0.0,
      "f1_score": 0.0,
      "support": 2523
    }
  },
  "label_counts": {
    "predictions": {
      "Non neoplastic": 43429,
      "Fibroblasts": 16954,
      "Endothelial": 4761
    },
    "ground_truth": {
      "Malignant": 28699,
      "Fibroblasts": 19564,
      "Myeloid": 5973,
      "Endothelial": 4795,
      "Lymphoid": 3590,
      "Other_non_neoplastic": 2523
    }
  },
  "dataset_info": {
    "total_cells": 65144,
    "original_pred_cells": 65144,
    "original_gt_cells": 65144,
    "matched_cells": 65144,
    "cells_filtered": false,
    "unique_pred_labels": 14,
    "unique_gt_labels": 8,
    "standardized_pred_labels": 3,
    "standardized_gt_labels": 6,
    "unmapped_predictions": 0,
    "unmapped_ground_truth": 0
  },
  "mapping_store_stats": {
    "total_mappings": 869,
    "last_updated": "2026-03-10T12:13:16.510043",
    "file_path": "/cs/student/projects2/aisd/2024/shekchu/projects/celltype_eval_llm/mappings/label_mappings.json"
  }
}