Cell_Type_L3,precision,recall,f1_score,support
Endothelial,0.0,0.0,0.0,497.0
Fibroblasts,0.0,0.0,0.0,239.0
Lymphoid,0.08012403100775194,1.0,0.14836079692254694,1292.0
Malignant,0.0,0.0,0.0,12694.0
Myeloid,0.0,0.0,0.0,1403.0
