Metric,Value
Accuracy,0.058873110586880883
Macro F1,0.027799889334355857
Weighted F1,0.0065466638363383305
Total Cells,194571.0
Unique Pred Labels (L3),1.0
Unique GT Labels (L3),4.0
