{
  "accuracy": 0.026377046276851453,
  "macro_f1": 0.2591829282924712,
  "weighted_f1": 0.027612719469117766,
  "confusion_matrix": {
    "labels": [
      "Endothelial",
      "Epithelial_non_malignant",
      "Fibroblasts",
      "Lymphoid",
      "Malignant",
      "Myeloid",
      "Non neoplastic"
    ],
    "matrix": [
      [
        470,
        0,
        0,
        0,
        0,
        0,
        1
      ],
      [
        192,
        0,
        1,
        1,
        0,
        0,
        12
      ],
      [
        9,
        0,
        1433,
        0,
        0,
        0,
        2
      ],
      [
        12,
        0,
        4,
        182,
        0,
        0,
        68635
      ],
      [
        0,
        0,
        0,
        0,
        0,
        0,
        3551
      ],
      [
        0,
        0,
        0,
        0,
        0,
        0,
        4541
      ],
      [
        0,
        0,
        0,
        0,
        0,
        0,
        0
      ]
    ]
  },
  "per_class_metrics": {
    "Endothelial": {
      "precision": 0.6881405563689604,
      "recall": 0.9978768577494692,
      "f1_score": 0.8145580589254766,
      "support": 471
    },
    "Epithelial_non_malignant": {
      "precision": 0.0,
      "recall": 0.0,
      "f1_score": 0.0,
      "support": 206
    },
    "Fibroblasts": {
      "precision": 0.9965229485396384,
      "recall": 0.9923822714681441,
      "f1_score": 0.9944482997918113,
      "support": 1444
    },
    "Lymphoid": {
      "precision": 0.994535519125683,
      "recall": 0.0026440806008745806,
      "f1_score": 0.005274139330010433,
      "support": 68833
    },
    "Malignant": {
      "precision": 0.0,
      "recall": 0.0,
      "f1_score": 0.0,
      "support": 3551
    },
    "Myeloid": {
      "precision": 0.0,
      "recall": 0.0,
      "f1_score": 0.0,
      "support": 4541
    },
    "Non neoplastic": {
      "precision": 0.0,
      "recall": 0.0,
      "f1_score": 0.0,
      "support": 0
    }
  },
  "label_counts": {
    "predictions": {
      "Non neoplastic": 76742,
      "Fibroblasts": 1438,
      "Endothelial": 683,
      "Lymphoid": 183
    },
    "ground_truth": {
      "Lymphoid": 68833,
      "Myeloid": 4541,
      "Malignant": 3551,
      "Fibroblasts": 1444,
      "Endothelial": 471,
      "Epithelial_non_malignant": 206
    }
  },
  "dataset_info": {
    "total_cells": 79046,
    "original_pred_cells": 79046,
    "original_gt_cells": 79046,
    "matched_cells": 79046,
    "cells_filtered": false,
    "unique_pred_labels": 23,
    "unique_gt_labels": 10,
    "standardized_pred_labels": 4,
    "standardized_gt_labels": 6,
    "unmapped_predictions": 0,
    "unmapped_ground_truth": 0
  },
  "mapping_store_stats": {
    "total_mappings": 869,
    "last_updated": "2026-03-10T12:13:16.510043",
    "file_path": "/cs/student/projects2/aisd/2024/shekchu/projects/celltype_eval_llm/mappings/label_mappings.json"
  }
}