{
  "accuracy": 0.00841451929163643,
  "macro_f1": 0.06702477059377068,
  "weighted_f1": 0.0045610921458094636,
  "confusion_matrix": {
    "labels": [
      "Endothelial",
      "Epithelial_non_malignant",
      "Fibroblasts",
      "Malignant",
      "Myeloid",
      "Non neoplastic",
      "Other/unknown",
      "Other_non_neoplastic"
    ],
    "matrix": [
      [
        0,
        0,
        188,
        0,
        0,
        91,
        0,
        0
      ],
      [
        0,
        0,
        0,
        0,
        3,
        650,
        0,
        0
      ],
      [
        0,
        0,
        265,
        0,
        2,
        525,
        0,
        0
      ],
      [
        0,
        0,
        68,
        0,
        2,
        28046,
        0,
        0
      ],
      [
        0,
        0,
        1,
        0,
        280,
        33,
        0,
        0
      ],
      [
        0,
        0,
        0,
        0,
        0,
        0,
        0,
        0
      ],
      [
        0,
        0,
        649,
        0,
        1470,
        32460,
        0,
        0
      ],
      [
        0,
        0,
        31,
        0,
        0,
        5,
        0,
        0
      ]
    ]
  },
  "per_class_metrics": {
    "Endothelial": {
      "precision": 0.0,
      "recall": 0.0,
      "f1_score": 0.0,
      "support": 279
    },
    "Epithelial_non_malignant": {
      "precision": 0.0,
      "recall": 0.0,
      "f1_score": 0.0,
      "support": 653
    },
    "Fibroblasts": {
      "precision": 0.22046589018302828,
      "recall": 0.3345959595959596,
      "f1_score": 0.2657973921765296,
      "support": 792
    },
    "Malignant": {
      "precision": 0.0,
      "recall": 0.0,
      "f1_score": 0.0,
      "support": 28116
    },
    "Myeloid": {
      "precision": 0.1593625498007968,
      "recall": 0.89171974522293,
      "f1_score": 0.27040077257363593,
      "support": 314
    },
    "Non neoplastic": {
      "precision": 0.0,
      "recall": 0.0,
      "f1_score": 0.0,
      "support": 0
    },
    "Other/unknown": {
      "precision": 0.0,
      "recall": 0.0,
      "f1_score": 0.0,
      "support": 34579
    },
    "Other_non_neoplastic": {
      "precision": 0.0,
      "recall": 0.0,
      "f1_score": 0.0,
      "support": 36
    }
  },
  "label_counts": {
    "predictions": {
      "Non neoplastic": 61810,
      "Myeloid": 1757,
      "Fibroblasts": 1202
    },
    "ground_truth": {
      "Other/unknown": 34579,
      "Malignant": 28116,
      "Fibroblasts": 792,
      "Epithelial_non_malignant": 653,
      "Myeloid": 314,
      "Endothelial": 279,
      "Other_non_neoplastic": 36
    }
  },
  "dataset_info": {
    "total_cells": 64769,
    "original_pred_cells": 64769,
    "original_gt_cells": 64769,
    "matched_cells": 64769,
    "cells_filtered": false,
    "unique_pred_labels": 16,
    "unique_gt_labels": 7,
    "standardized_pred_labels": 3,
    "standardized_gt_labels": 7,
    "unmapped_predictions": 0,
    "unmapped_ground_truth": 0
  },
  "mapping_store_stats": {
    "total_mappings": 869,
    "last_updated": "2026-03-10T12:13:16.510043",
    "file_path": "/cs/student/projects2/aisd/2024/shekchu/projects/celltype_eval_llm/mappings/label_mappings.json"
  }
}