Metric,Value
Accuracy,0.9316232232398161
Macro F1,0.6271019475002801
Weighted F1,0.9071665720285966
Total Cells,24131.0
Unique Pred Labels (L3),4.0
Unique GT Labels (L3),5.0
