{
  "accuracy": 0.2177178976977601,
  "macro_f1": 0.4370626420321226,
  "weighted_f1": 0.1731984672654092,
  "confusion_matrix": {
    "labels": [
      "Endothelial",
      "Epithelial_non_malignant",
      "Fibroblasts",
      "Lymphoid",
      "Malignant",
      "Myeloid",
      "Other_non_neoplastic"
    ],
    "matrix": [
      [
        4391,
        0,
        0,
        0,
        0,
        0,
        0
      ],
      [
        0,
        6224,
        0,
        0,
        0,
        0,
        0
      ],
      [
        0,
        0,
        0,
        0,
        0,
        0,
        0
      ],
      [
        0,
        0,
        0,
        11995,
        0,
        0,
        0
      ],
      [
        0,
        0,
        2055,
        0,
        0,
        0,
        0
      ],
      [
        0,
        0,
        0,
        297,
        0,
        4635,
        0
      ],
      [
        0,
        95415,
        0,
        0,
        0,
        127,
        0
      ]
    ]
  },
  "per_class_metrics": {
    "Endothelial": {
      "precision": 1.0,
      "recall": 1.0,
      "f1_score": 1.0,
      "support": 4391
    },
    "Epithelial_non_malignant": {
      "precision": 0.0612363364456557,
      "recall": 1.0,
      "f1_score": 0.11540565346782493,
      "support": 6224
    },
    "Fibroblasts": {
      "precision": 0.0,
      "recall": 0.0,
      "f1_score": 0.0,
      "support": 0
    },
    "Lymphoid": {
      "precision": 0.9758379433778067,
      "recall": 1.0,
      "f1_score": 0.9877712356404661,
      "support": 11995
    },
    "Malignant": {
      "precision": 0.0,
      "recall": 0.0,
      "f1_score": 0.0,
      "support": 2055
    },
    "Myeloid": {
      "precision": 0.9733305333893322,
      "recall": 0.9397810218978102,
      "f1_score": 0.956261605116567,
      "support": 4932
    },
    "Other_non_neoplastic": {
      "precision": 0.0,
      "recall": 0.0,
      "f1_score": 0.0,
      "support": 95542
    }
  },
  "label_counts": {
    "predictions": {
      "Epithelial_non_malignant": 101639,
      "Lymphoid": 12292,
      "Myeloid": 4762,
      "Endothelial": 4391,
      "Fibroblasts": 2055
    },
    "ground_truth": {
      "Other_non_neoplastic": 95542,
      "Lymphoid": 11995,
      "Epithelial_non_malignant": 6224,
      "Myeloid": 4932,
      "Endothelial": 4391,
      "Malignant": 2055
    }
  },
  "dataset_info": {
    "total_cells": 125139,
    "original_pred_cells": 125139,
    "original_gt_cells": 125139,
    "matched_cells": 125139,
    "cells_filtered": false,
    "unique_pred_labels": 13,
    "unique_gt_labels": 14,
    "standardized_pred_labels": 5,
    "standardized_gt_labels": 6,
    "unmapped_predictions": 0,
    "unmapped_ground_truth": 0
  },
  "mapping_store_stats": {
    "total_mappings": 2148,
    "last_updated": "2026-03-26T12:35:42.406830",
    "file_path": "/cs/student/projects2/aisd/2024/shekchu/projects/celltype_eval_llm/mappings/label_mappings.json"
  }
}