Metric,Value
Accuracy,0.1590612777053455
Macro F1,0.35103851086110444
Weighted F1,0.0908087278714607
Total Cells,1534.0
Unique Pred Labels (L3),5.0
Unique GT Labels (L3),7.0
