Metric,Value
Accuracy,0.0006527180309501416
Macro F1,0.002330360747183383
Weighted F1,0.0005912045844574277
Total Cells,194571.0
Unique Pred Labels (L3),2.0
Unique GT Labels (L3),5.0
