Metric,Value
Accuracy,0.3742722314150886
Macro F1,0.2825064396229723
Weighted F1,0.24784433854045976
Total Cells,16317.0
Unique Pred Labels (L3),3.0
Unique GT Labels (L3),4.0
