Metric,Value
Accuracy,0.7624254473161034
Macro F1,0.3806818181818182
Weighted F1,0.7652720043376107
Total Cells,3018.0
Unique Pred Labels (L3),8.0
Unique GT Labels (L3),6.0
