Metric,Value
Accuracy,0.18424433301562307
Macro F1,0.37014589060695025
Weighted F1,0.14811485492949547
Total Cells,24131.0
Unique Pred Labels (L3),3.0
Unique GT Labels (L3),5.0
