{
  "accuracy": 0.009011233181088754,
  "macro_f1": 0.06284551836749194,
  "weighted_f1": 0.012467794095693126,
  "confusion_matrix": {
    "labels": [
      "Endothelial",
      "Epithelial_non_malignant",
      "Fibroblasts",
      "Lymphoid",
      "Malignant",
      "Myeloid",
      "Non neoplastic"
    ],
    "matrix": [
      [
        154,
        0,
        392,
        0,
        0,
        0,
        438
      ],
      [
        2,
        0,
        6,
        0,
        0,
        0,
        650
      ],
      [
        57,
        0,
        211,
        0,
        0,
        0,
        1071
      ],
      [
        67,
        0,
        52,
        0,
        0,
        0,
        25607
      ],
      [
        35,
        0,
        63,
        0,
        0,
        0,
        3030
      ],
      [
        2,
        0,
        14,
        0,
        0,
        0,
        8654
      ],
      [
        0,
        0,
        0,
        0,
        0,
        0,
        0
      ]
    ]
  },
  "per_class_metrics": {
    "Endothelial": {
      "precision": 0.48580441640378547,
      "recall": 0.1565040650406504,
      "f1_score": 0.23674096848578016,
      "support": 984
    },
    "Epithelial_non_malignant": {
      "precision": 0.0,
      "recall": 0.0,
      "f1_score": 0.0,
      "support": 658
    },
    "Fibroblasts": {
      "precision": 0.2859078590785908,
      "recall": 0.15758028379387604,
      "f1_score": 0.20317766008666346,
      "support": 1339
    },
    "Lymphoid": {
      "precision": 0.0,
      "recall": 0.0,
      "f1_score": 0.0,
      "support": 25726
    },
    "Malignant": {
      "precision": 0.0,
      "recall": 0.0,
      "f1_score": 0.0,
      "support": 3128
    },
    "Myeloid": {
      "precision": 0.0,
      "recall": 0.0,
      "f1_score": 0.0,
      "support": 8670
    },
    "Non neoplastic": {
      "precision": 0.0,
      "recall": 0.0,
      "f1_score": 0.0,
      "support": 0
    }
  },
  "label_counts": {
    "predictions": {
      "Non neoplastic": 39450,
      "Fibroblasts": 738,
      "Endothelial": 317
    },
    "ground_truth": {
      "Lymphoid": 25726,
      "Myeloid": 8670,
      "Malignant": 3128,
      "Fibroblasts": 1339,
      "Endothelial": 984,
      "Epithelial_non_malignant": 658
    }
  },
  "dataset_info": {
    "total_cells": 40505,
    "original_pred_cells": 40505,
    "original_gt_cells": 40505,
    "matched_cells": 40505,
    "cells_filtered": false,
    "unique_pred_labels": 27,
    "unique_gt_labels": 16,
    "standardized_pred_labels": 3,
    "standardized_gt_labels": 6,
    "unmapped_predictions": 0,
    "unmapped_ground_truth": 0
  },
  "mapping_store_stats": {
    "total_mappings": 869,
    "last_updated": "2026-03-10T12:13:16.510043",
    "file_path": "/cs/student/projects2/aisd/2024/shekchu/projects/celltype_eval_llm/mappings/label_mappings.json"
  }
}