Cell_Type_L3,precision,recall,f1_score,support
Malignant,0.0,0.0,0.0,2055.0
Myeloid,0.10144293834717971,1.0,0.18420007939658595,232.0
