Metric,Value
Accuracy,0.5152073732718894
Macro F1,0.3262798634812286
Weighted F1,0.4837828911152703
Total Cells,2170.0
Unique Pred Labels (L3),3.0
Unique GT Labels (L3),4.0
