{
  "accuracy": 0.1857359635811836,
  "macro_f1": 0.19819901585285926,
  "weighted_f1": 0.16828949600729545,
  "confusion_matrix": {
    "labels": [
      "Endothelial",
      "Fibroblasts",
      "Lymphoid",
      "Malignant",
      "Myeloid",
      "Non neoplastic",
      "Other/unknown",
      "Other_non_neoplastic"
    ],
    "matrix": [
      [
        175,
        0,
        0,
        0,
        0,
        8,
        0,
        0
      ],
      [
        0,
        1661,
        0,
        0,
        0,
        771,
        0,
        0
      ],
      [
        1,
        30,
        0,
        0,
        0,
        1692,
        0,
        0
      ],
      [
        0,
        1205,
        0,
        0,
        0,
        2920,
        0,
        0
      ],
      [
        0,
        18,
        0,
        0,
        0,
        730,
        0,
        0
      ],
      [
        0,
        0,
        0,
        0,
        0,
        0,
        0,
        0
      ],
      [
        0,
        4,
        0,
        0,
        0,
        62,
        0,
        0
      ],
      [
        0,
        90,
        0,
        0,
        0,
        518,
        0,
        0
      ]
    ]
  },
  "per_class_metrics": {
    "Endothelial": {
      "precision": 0.9943181818181818,
      "recall": 0.9562841530054644,
      "f1_score": 0.9749303621169917,
      "support": 183
    },
    "Fibroblasts": {
      "precision": 0.5521941489361702,
      "recall": 0.6829769736842105,
      "f1_score": 0.6106617647058824,
      "support": 2432
    },
    "Lymphoid": {
      "precision": 0.0,
      "recall": 0.0,
      "f1_score": 0.0,
      "support": 1723
    },
    "Malignant": {
      "precision": 0.0,
      "recall": 0.0,
      "f1_score": 0.0,
      "support": 4125
    },
    "Myeloid": {
      "precision": 0.0,
      "recall": 0.0,
      "f1_score": 0.0,
      "support": 748
    },
    "Non neoplastic": {
      "precision": 0.0,
      "recall": 0.0,
      "f1_score": 0.0,
      "support": 0
    },
    "Other/unknown": {
      "precision": 0.0,
      "recall": 0.0,
      "f1_score": 0.0,
      "support": 66
    },
    "Other_non_neoplastic": {
      "precision": 0.0,
      "recall": 0.0,
      "f1_score": 0.0,
      "support": 608
    }
  },
  "label_counts": {
    "predictions": {
      "Non neoplastic": 6701,
      "Fibroblasts": 3008,
      "Endothelial": 176
    },
    "ground_truth": {
      "Malignant": 4125,
      "Fibroblasts": 2432,
      "Lymphoid": 1723,
      "Myeloid": 748,
      "Other_non_neoplastic": 608,
      "Endothelial": 183,
      "Other/unknown": 66
    }
  },
  "dataset_info": {
    "total_cells": 9885,
    "original_pred_cells": 9885,
    "original_gt_cells": 9885,
    "matched_cells": 9885,
    "cells_filtered": false,
    "unique_pred_labels": 19,
    "unique_gt_labels": 11,
    "standardized_pred_labels": 3,
    "standardized_gt_labels": 7,
    "unmapped_predictions": 0,
    "unmapped_ground_truth": 0
  },
  "mapping_store_stats": {
    "total_mappings": 869,
    "last_updated": "2026-03-10T12:13:16.510043",
    "file_path": "/cs/student/projects2/aisd/2024/shekchu/projects/celltype_eval_llm/mappings/label_mappings.json"
  }
}