Metric,Value
Accuracy,0.9579829884721308
Macro F1,0.8040725964460974
Weighted F1,0.9505310721543998
Total Cells,41031.0
Unique Pred Labels (L3),6.0
Unique GT Labels (L3),7.0
