{
  "accuracy": 0.16294708527718235,
  "macro_f1": 0.23532792988795137,
  "weighted_f1": 0.19371754737543012,
  "confusion_matrix": {
    "labels": [
      "Benign",
      "Endothelial",
      "Fibroblasts",
      "Lymphoid",
      "Malignant",
      "Myeloid",
      "Other_non_neoplastic"
    ],
    "matrix": [
      [
        0,
        0,
        0,
        0,
        0,
        0,
        0
      ],
      [
        43,
        438,
        0,
        0,
        0,
        7,
        0
      ],
      [
        25,
        468,
        0,
        0,
        0,
        0,
        0
      ],
      [
        6,
        58,
        0,
        0,
        0,
        3,
        0
      ],
      [
        17868,
        62,
        0,
        0,
        984,
        44,
        1122
      ],
      [
        42,
        8,
        0,
        0,
        0,
        2455,
        0
      ],
      [
        157,
        2,
        0,
        0,
        0,
        1,
        0
      ]
    ]
  },
  "per_class_metrics": {
    "Benign": {
      "precision": 0.0,
      "recall": 0.0,
      "f1_score": 0.0,
      "support": 0
    },
    "Endothelial": {
      "precision": 0.42277992277992277,
      "recall": 0.8975409836065574,
      "f1_score": 0.5748031496062992,
      "support": 488
    },
    "Fibroblasts": {
      "precision": 0.0,
      "recall": 0.0,
      "f1_score": 0.0,
      "support": 493
    },
    "Lymphoid": {
      "precision": 0.0,
      "recall": 0.0,
      "f1_score": 0.0,
      "support": 67
    },
    "Malignant": {
      "precision": 1.0,
      "recall": 0.04900398406374502,
      "f1_score": 0.0934295480440562,
      "support": 20080
    },
    "Myeloid": {
      "precision": 0.9780876494023905,
      "recall": 0.9800399201596807,
      "f1_score": 0.9790628115653041,
      "support": 2505
    },
    "Other_non_neoplastic": {
      "precision": 0.0,
      "recall": 0.0,
      "f1_score": 0.0,
      "support": 160
    }
  },
  "label_counts": {
    "predictions": {
      "Benign": 18141,
      "Myeloid": 2510,
      "Other_non_neoplastic": 1122,
      "Endothelial": 1036,
      "Malignant": 984
    },
    "ground_truth": {
      "Malignant": 20080,
      "Myeloid": 2505,
      "Fibroblasts": 493,
      "Endothelial": 488,
      "Other_non_neoplastic": 160,
      "Lymphoid": 67
    }
  },
  "dataset_info": {
    "total_cells": 23793,
    "original_pred_cells": 23793,
    "original_gt_cells": 23793,
    "matched_cells": 23793,
    "cells_filtered": false,
    "unique_pred_labels": 5,
    "unique_gt_labels": 6,
    "standardized_pred_labels": 5,
    "standardized_gt_labels": 6,
    "unmapped_predictions": 0,
    "unmapped_ground_truth": 0
  },
  "mapping_store_stats": {
    "total_mappings": 2790,
    "last_updated": "2026-04-24T01:33:54.017686",
    "file_path": "/cs/student/projects2/aisd/2024/shekchu/projects/celltype_eval_llm/mappings/label_mappings.json"
  }
}