Metric,Value
Accuracy,0.26357127085764753
Macro F1,0.14034026973010194
Weighted F1,0.12080958588159518
Total Cells,31703.0
Unique Pred Labels (L3),2.0
Unique GT Labels (L3),2.0
