Metric,Value
Accuracy,0.5519163189106084
Macro F1,0.6001924909736444
Weighted F1,0.46018753155898856
Total Cells,36424.0
Unique Pred Labels (L3),5.0
Unique GT Labels (L3),7.0
