Metric,Value
Accuracy,0.5475262047007476
Macro F1,0.5555381784912472
Weighted F1,0.5076647152465747
Total Cells,27953.0
Unique Pred Labels (L3),6.0
Unique GT Labels (L3),7.0
