Metric,Value
Accuracy,0.7553370992590419
Macro F1,0.5988526455194684
Weighted F1,0.7089088314514043
Total Cells,27262.0
Unique Pred Labels (L3),5.0
Unique GT Labels (L3),7.0
