Metric,Value
Accuracy,0.18290258449304175
Macro F1,0.20835825642778474
Weighted F1,0.18485129693777885
Total Cells,3018.0
Unique Pred Labels (L3),3.0
Unique GT Labels (L3),7.0
