Metric,Value
Accuracy,0.7033627653578809
Macro F1,0.7313010559872485
Weighted F1,0.6856969216769625
Total Cells,21292.0
Unique Pred Labels (L3),6.0
Unique GT Labels (L3),7.0
