Metric,Value
Accuracy,0.12678778507924238
Macro F1,0.39013343126453665
Weighted F1,0.05238997609590936
Total Cells,2587.0
Unique Pred Labels (L3),2.0
Unique GT Labels (L3),3.0
