Metric,Value
Accuracy,0.2177178976977601
Macro F1,0.43880960836919886
Weighted F1,0.17437063604167088
Total Cells,125139.0
Unique Pred Labels (L3),6.0
Unique GT Labels (L3),6.0
