Metric,Value
Accuracy,0.1412157726026339
Macro F1,0.14366147708809343
Weighted F1,0.1512776151811709
Total Cells,51786.0
Unique Pred Labels (L3),4.0
Unique GT Labels (L3),6.0
