Metric,Value
Accuracy,0.44105831832663805
Macro F1,0.5615758712779355
Weighted F1,0.4139193141143577
Total Cells,21657.0
Unique Pred Labels (L3),5.0
Unique GT Labels (L3),7.0
