Metric,Value
Accuracy,0.5473186119873817
Macro F1,0.3333333333333333
Weighted F1,0.5473186119873817
Total Cells,1902.0
Unique Pred Labels (L3),2.0
Unique GT Labels (L3),2.0
