Metric,Value
Accuracy,0.3593741141788083
Macro F1,0.5080968819286577
Weighted F1,0.19143703448660657
Total Cells,35278.0
Unique Pred Labels (L3),2.0
Unique GT Labels (L3),3.0
