Metric,Value
Accuracy,0.9426490556721392
Macro F1,0.5714285714285714
Weighted F1,0.9426490556721392
Total Cells,40505.0
Unique Pred Labels (L3),7.0
Unique GT Labels (L3),6.0
