Metric,Value
Accuracy,0.17090671885192432
Macro F1,0.20143851918980432
Weighted F1,0.1679581633249309
Total Cells,3066.0
Unique Pred Labels (L3),3.0
Unique GT Labels (L3),6.0
