{
  "accuracy": 0.18272664094514607,
  "macro_f1": 0.473004955560375,
  "weighted_f1": 0.10376379182471072,
  "confusion_matrix": {
    "labels": [
      "Endothelial",
      "Epithelial_non_malignant",
      "Fibroblasts",
      "Lymphoid",
      "Malignant",
      "Myeloid",
      "Other_non_neoplastic"
    ],
    "matrix": [
      [
        0,
        0,
        65,
        0,
        0,
        0,
        0
      ],
      [
        0,
        3747,
        29,
        0,
        0,
        0,
        85
      ],
      [
        0,
        0,
        1927,
        0,
        0,
        0,
        0
      ],
      [
        0,
        0,
        0,
        1262,
        0,
        0,
        0
      ],
      [
        0,
        32784,
        0,
        0,
        0,
        0,
        0
      ],
      [
        0,
        0,
        0,
        0,
        0,
        296,
        0
      ],
      [
        0,
        0,
        1126,
        0,
        0,
        15,
        393
      ]
    ]
  },
  "per_class_metrics": {
    "Endothelial": {
      "precision": 0.0,
      "recall": 0.0,
      "f1_score": 0.0,
      "support": 65
    },
    "Epithelial_non_malignant": {
      "precision": 0.10257041964359037,
      "recall": 0.9704739704739704,
      "f1_score": 0.18553178847296495,
      "support": 3861
    },
    "Fibroblasts": {
      "precision": 0.6123292024149984,
      "recall": 1.0,
      "f1_score": 0.759558533701222,
      "support": 1927
    },
    "Lymphoid": {
      "precision": 1.0,
      "recall": 1.0,
      "f1_score": 1.0,
      "support": 1262
    },
    "Malignant": {
      "precision": 0.0,
      "recall": 0.0,
      "f1_score": 0.0,
      "support": 32784
    },
    "Myeloid": {
      "precision": 0.9517684887459807,
      "recall": 1.0,
      "f1_score": 0.9752883031301482,
      "support": 296
    },
    "Other_non_neoplastic": {
      "precision": 0.8221757322175732,
      "recall": 0.2561929595827901,
      "f1_score": 0.39065606361829025,
      "support": 1534
    }
  },
  "label_counts": {
    "predictions": {
      "Epithelial_non_malignant": 36531,
      "Fibroblasts": 3147,
      "Lymphoid": 1262,
      "Other_non_neoplastic": 478,
      "Myeloid": 311
    },
    "ground_truth": {
      "Malignant": 32784,
      "Epithelial_non_malignant": 3861,
      "Fibroblasts": 1927,
      "Other_non_neoplastic": 1534,
      "Lymphoid": 1262,
      "Myeloid": 296,
      "Endothelial": 65
    }
  },
  "dataset_info": {
    "total_cells": 41729,
    "original_pred_cells": 41729,
    "original_gt_cells": 41729,
    "matched_cells": 41729,
    "cells_filtered": false,
    "unique_pred_labels": 12,
    "unique_gt_labels": 19,
    "standardized_pred_labels": 5,
    "standardized_gt_labels": 7,
    "unmapped_predictions": 0,
    "unmapped_ground_truth": 0
  },
  "mapping_store_stats": {
    "total_mappings": 1297,
    "last_updated": "2026-03-18T17:10:50.313613",
    "file_path": "/cs/student/projects2/aisd/2024/shekchu/projects/celltype_eval_llm/mappings/label_mappings.json"
  }
}