Metric,Value
Accuracy,0.18272664094514607
Macro F1,0.473004955560375
Weighted F1,0.10376379182471072
Total Cells,41729.0
Unique Pred Labels (L3),5.0
Unique GT Labels (L3),7.0
