Cell_Type_L3,precision,recall,f1_score,support
Endothelial,0.8383838383838383,0.7524932003626473,0.7931199235547062,1103.0
Epithelial_non_malignant,0.0,0.0,0.0,1171.0
Fibroblasts,0.9724858990232494,0.8779185295578739,0.9227857189478493,8052.0
Lymphoid,0.9650455927051672,0.04270342972427707,0.0817877382792375,14870.0
Malignant,0.0,0.0,0.0,5931.0
Myeloid,0.0,0.0,0.0,8200.0
Non neoplastic,0.0,0.0,0.0,0.0
Other/unknown,0.0,0.0,0.0,1704.0
