Metric,Value
Accuracy,0.8179870924668966
Macro F1,0.47318025491758
Weighted F1,0.7398389844008424
Total Cells,71896.0
Unique Pred Labels (L3),4.0
Unique GT Labels (L3),7.0
