Metric,Value
Accuracy,0.2690802348336595
Macro F1,0.06442623015463697
Weighted F1,0.16972891033610427
Total Cells,3066.0
Unique Pred Labels (L3),5.0
Unique GT Labels (L3),6.0
