Metric,Value
Accuracy,0.38727212826707663
Macro F1,0.46736833466691285
Weighted F1,0.3116381861402331
Total Cells,36424.0
Unique Pred Labels (L3),5.0
Unique GT Labels (L3),7.0
