Metric,Value
Accuracy,0.03817482948058081
Macro F1,0.10642623825078328
Weighted F1,0.0330877363446778
Total Cells,167283.0
Unique Pred Labels (L3),3.0
Unique GT Labels (L3),7.0
