Metric,Value
Accuracy,0.9851782945736434
Macro F1,0.6666666666666666
Weighted F1,0.9851782945736434
Total Cells,16125.0
Unique Pred Labels (L3),5.0
Unique GT Labels (L3),5.0
