Metric,Value
Accuracy,0.6563463747959122
Macro F1,0.5714285714285714
Weighted F1,0.6563463747959122
Total Cells,16537.0
Unique Pred Labels (L3),5.0
Unique GT Labels (L3),6.0
