Cell_Type_L3,precision,recall,f1_score,support
Lymphoid,0.0,0.0,0.0,0.0
Myeloid,1.0,0.4821513564969062,0.6506101477199743,8404.0
