{
  "accuracy": 0.6667155747927518,
  "macro_f1": 0.5637551775759816,
  "weighted_f1": 0.6403021086475779,
  "confusion_matrix": {
    "labels": [
      "Endothelial",
      "Epithelial_non_malignant",
      "Fibroblasts",
      "Lymphoid",
      "Malignant",
      "Myeloid",
      "Other_non_neoplastic"
    ],
    "matrix": [
      [
        640,
        0,
        0,
        0,
        0,
        0,
        0
      ],
      [
        0,
        907,
        0,
        0,
        0,
        0,
        0
      ],
      [
        0,
        0,
        972,
        0,
        0,
        0,
        0
      ],
      [
        0,
        0,
        0,
        7652,
        0,
        2345,
        0
      ],
      [
        0,
        5425,
        0,
        0,
        0,
        0,
        0
      ],
      [
        0,
        0,
        0,
        71,
        0,
        8005,
        0
      ],
      [
        0,
        1242,
        0,
        0,
        0,
        3,
        0
      ]
    ]
  },
  "per_class_metrics": {
    "Endothelial": {
      "precision": 1.0,
      "recall": 1.0,
      "f1_score": 1.0,
      "support": 640
    },
    "Epithelial_non_malignant": {
      "precision": 0.11975178241351994,
      "recall": 1.0,
      "f1_score": 0.2138898714774201,
      "support": 907
    },
    "Fibroblasts": {
      "precision": 1.0,
      "recall": 1.0,
      "f1_score": 1.0,
      "support": 972
    },
    "Lymphoid": {
      "precision": 0.9908066813414477,
      "recall": 0.7654296288886666,
      "f1_score": 0.8636568848758465,
      "support": 9997
    },
    "Malignant": {
      "precision": 0.0,
      "recall": 0.0,
      "f1_score": 0.0,
      "support": 5425
    },
    "Myeloid": {
      "precision": 0.773205834057761,
      "recall": 0.991208519068846,
      "f1_score": 0.8687394866786043,
      "support": 8076
    },
    "Other_non_neoplastic": {
      "precision": 0.0,
      "recall": 0.0,
      "f1_score": 0.0,
      "support": 1245
    }
  },
  "label_counts": {
    "predictions": {
      "Myeloid": 10353,
      "Lymphoid": 7723,
      "Epithelial_non_malignant": 7574,
      "Fibroblasts": 972,
      "Endothelial": 640
    },
    "ground_truth": {
      "Lymphoid": 9997,
      "Myeloid": 8076,
      "Malignant": 5425,
      "Other_non_neoplastic": 1245,
      "Fibroblasts": 972,
      "Epithelial_non_malignant": 907,
      "Endothelial": 640
    }
  },
  "dataset_info": {
    "total_cells": 27262,
    "original_pred_cells": 27262,
    "original_gt_cells": 27262,
    "matched_cells": 27262,
    "cells_filtered": false,
    "unique_pred_labels": 5,
    "unique_gt_labels": 11,
    "standardized_pred_labels": 5,
    "standardized_gt_labels": 7,
    "unmapped_predictions": 0,
    "unmapped_ground_truth": 0
  },
  "mapping_store_stats": {
    "total_mappings": 2790,
    "last_updated": "2026-04-24T01:33:54.017686",
    "file_path": "/cs/student/projects2/aisd/2024/shekchu/projects/celltype_eval_llm/mappings/label_mappings.json"
  }
}