Metric,Value
Accuracy,0.6667155747927518
Macro F1,0.5637551775759816
Weighted F1,0.6403021086475779
Total Cells,27262.0
Unique Pred Labels (L3),5.0
Unique GT Labels (L3),7.0
