Metric,Value
Accuracy,0.9372917658257972
Macro F1,0.13823299727113988
Weighted F1,0.9676309808979793
Total Cells,8404.0
Unique Pred Labels (L3),7.0
Unique GT Labels (L3),1.0
