Metric,Value
Accuracy,0.7065945388974755
Macro F1,0.629203881600403
Weighted F1,0.684521121379699
Total Cells,15528.0
Unique Pred Labels (L3),6.0
Unique GT Labels (L3),7.0
