Metric,Value
Accuracy,0.08967916505604948
Macro F1,0.0426000734484025
Weighted F1,0.015281356072716473
Total Cells,2587.0
Unique Pred Labels (L3),2.0
Unique GT Labels (L3),3.0
