Metric,Value
Accuracy,0.5898377125193199
Macro F1,0.6126649297163805
Weighted F1,0.5722540085188134
Total Cells,15528.0
Unique Pred Labels (L3),6.0
Unique GT Labels (L3),7.0
