Cell_Type_L3,precision,recall,f1_score,support
Endothelial,1.0,1.0,1.0,170.0
Epithelial_non_malignant,1.0,0.03289473684210526,0.06369426751592357,2584.0
Fibroblasts,1.0,1.0,1.0,5.0
Lymphoid,0.5970149253731343,1.0,0.7476635514018691,40.0
Malignant,0.20261646458200383,1.0,0.33695940567789867,635.0
Myeloid,1.0,0.8695652173913043,0.9302325581395349,207.0
Other_non_neoplastic,1.0,1.0,1.0,18.0
