Cell_Type_L3,precision,recall,f1_score,support
Endothelial,0.9889135254988913,0.901010101010101,0.9429175475687104,495.0
Epithelial_non_malignant,0.0,0.0,0.0,287.0
Fibroblasts,0.0009354536950420954,0.0011325028312570782,0.0010245901639344263,883.0
Lymphoid,0.9841269841269841,0.08955223880597014,0.1641659311562224,8308.0
Malignant,0.0,0.0,0.0,7904.0
Myeloid,0.0,0.0,0.0,6535.0
Non neoplastic,0.0,0.0,0.0,0.0
