Metric,Value
Accuracy,0.1145811352606035
Macro F1,0.36305220383653114
Weighted F1,0.1258137960028162
Total Cells,4739.0
Unique Pred Labels (L3),4.0
Unique GT Labels (L3),5.0
