Metric,Value
Accuracy,0.7709780459362165
Macro F1,0.7848103985390482
Weighted F1,0.6898055209348151
Total Cells,19723.0
Unique Pred Labels (L3),5.0
Unique GT Labels (L3),6.0
