Metric,Value
Accuracy,0.8053429027113238
Macro F1,0.6079549490093459
Weighted F1,0.8019225922593107
Total Cells,62700.0
Unique Pred Labels (L3),6.0
Unique GT Labels (L3),7.0
