Metric,Value
Accuracy,0.8820236813778256
Macro F1,0.7171331636980492
Weighted F1,0.8641621267772674
Total Cells,4645.0
Unique Pred Labels (L3),5.0
Unique GT Labels (L3),6.0
