Metric,Value
Accuracy,0.2616471627290793
Macro F1,0.4233878136148869
Weighted F1,0.18826188503758684
Total Cells,31703.0
Unique Pred Labels (L3),3.0
Unique GT Labels (L3),4.0
