Metric,Value
Accuracy,0.6290289746895569
Macro F1,0.4468433724535314
Weighted F1,0.6312775420236927
Total Cells,29474.0
Unique Pred Labels (L3),6.0
Unique GT Labels (L3),7.0
