Metric,Value
Accuracy,0.46885481552467656
Macro F1,0.46468488363431726
Weighted F1,0.4022862925027745
Total Cells,33392.0
Unique Pred Labels (L3),3.0
Unique GT Labels (L3),4.0
