Metric,Value
Accuracy,0.1898286234265204
Macro F1,0.15196486921219915
Weighted F1,0.19713827529381917
Total Cells,19781.0
Unique Pred Labels (L3),3.0
Unique GT Labels (L3),6.0
