Cell_Type_L3,precision,recall,f1_score,support
Endothelial,0.9634542501353547,0.9796311588219103,0.9714753650880306,3633.0
Epithelial_non_malignant,0.0,0.0,0.0,749.0
Fibroblasts,0.8305084745762712,0.04885343968095713,0.09227871939736347,4012.0
Malignant,0.0,0.0,0.0,9369.0
Myeloid,0.0,0.0,0.0,1603.0
Non neoplastic,0.0,0.0,0.0,0.0
Other/unknown,0.0,0.0,0.0,415.0
