Metric,Value
Accuracy,0.9630708358520635
Macro F1,0.7443201027790926
Weighted F1,0.9450257614917239
Total Cells,18197.0
Unique Pred Labels (L3),3.0
Unique GT Labels (L3),4.0
