Metric,Value
Accuracy,0.8718688861092402
Macro F1,0.6666666666666666
Weighted F1,0.8718688861092402
Total Cells,31179.0
Unique Pred Labels (L3),5.0
Unique GT Labels (L3),5.0
