Metric,Value
Accuracy,0.5659034414611929
Macro F1,0.7851957621953307
Weighted F1,0.4115442240940611
Total Cells,64769.0
Unique Pred Labels (L3),5.0
Unique GT Labels (L3),6.0
