{
  "accuracy": 0.06312128766195796,
  "macro_f1": 0.24392088057524453,
  "weighted_f1": 0.06264613109294095,
  "confusion_matrix": {
    "labels": [
      "Endothelial",
      "Epithelial_non_malignant",
      "Fibroblasts",
      "Lymphoid",
      "Malignant",
      "Myeloid",
      "Non neoplastic",
      "Other/unknown"
    ],
    "matrix": [
      [
        491,
        0,
        0,
        0,
        0,
        0,
        1,
        0
      ],
      [
        1,
        0,
        1,
        0,
        0,
        0,
        942,
        0
      ],
      [
        0,
        0,
        1560,
        0,
        0,
        0,
        23,
        0
      ],
      [
        1,
        0,
        2,
        0,
        0,
        0,
        9534,
        0
      ],
      [
        0,
        0,
        0,
        0,
        0,
        0,
        10538,
        0
      ],
      [
        0,
        0,
        5,
        0,
        0,
        0,
        7373,
        0
      ],
      [
        0,
        0,
        0,
        0,
        0,
        0,
        0,
        0
      ],
      [
        32,
        0,
        14,
        0,
        0,
        0,
        1975,
        0
      ]
    ]
  },
  "per_class_metrics": {
    "Endothelial": {
      "precision": 0.9352380952380952,
      "recall": 0.9979674796747967,
      "f1_score": 0.9655850540806293,
      "support": 492
    },
    "Epithelial_non_malignant": {
      "precision": 0.0,
      "recall": 0.0,
      "f1_score": 0.0,
      "support": 944
    },
    "Fibroblasts": {
      "precision": 0.9860935524652339,
      "recall": 0.98547062539482,
      "f1_score": 0.985781990521327,
      "support": 1583
    },
    "Lymphoid": {
      "precision": 0.0,
      "recall": 0.0,
      "f1_score": 0.0,
      "support": 9537
    },
    "Malignant": {
      "precision": 0.0,
      "recall": 0.0,
      "f1_score": 0.0,
      "support": 10538
    },
    "Myeloid": {
      "precision": 0.0,
      "recall": 0.0,
      "f1_score": 0.0,
      "support": 7378
    },
    "Non neoplastic": {
      "precision": 0.0,
      "recall": 0.0,
      "f1_score": 0.0,
      "support": 0
    },
    "Other/unknown": {
      "precision": 0.0,
      "recall": 0.0,
      "f1_score": 0.0,
      "support": 2021
    }
  },
  "label_counts": {
    "predictions": {
      "Non neoplastic": 30386,
      "Fibroblasts": 1582,
      "Endothelial": 525
    },
    "ground_truth": {
      "Malignant": 10538,
      "Lymphoid": 9537,
      "Myeloid": 7378,
      "Other/unknown": 2021,
      "Fibroblasts": 1583,
      "Epithelial_non_malignant": 944,
      "Endothelial": 492
    }
  },
  "dataset_info": {
    "total_cells": 32493,
    "original_pred_cells": 32493,
    "original_gt_cells": 32493,
    "matched_cells": 32493,
    "cells_filtered": false,
    "unique_pred_labels": 26,
    "unique_gt_labels": 11,
    "standardized_pred_labels": 3,
    "standardized_gt_labels": 7,
    "unmapped_predictions": 0,
    "unmapped_ground_truth": 0
  },
  "mapping_store_stats": {
    "total_mappings": 869,
    "last_updated": "2026-03-10T12:13:16.510043",
    "file_path": "/cs/student/projects2/aisd/2024/shekchu/projects/celltype_eval_llm/mappings/label_mappings.json"
  }
}