Metric,Value
Accuracy,0.06312128766195796
Macro F1,0.24392088057524453
Weighted F1,0.06264613109294095
Total Cells,32493.0
Unique Pred Labels (L3),3.0
Unique GT Labels (L3),7.0
